"Rank","Player","CMP","ATT","PCT","YDS","Y.A","TD","INT","SACKS","ATT.1","YDS.1","TD.1","FL","G","FPTS","FPTS.G","ROST","Fantasy_yr","Posit"
1,"Josh Allen (BUF)",409,646,63.3,"4,407",6.8,36,15,26,122,"763",6,3,17,417.7,24.6,"99.9%",2021,"QB"
2,"Justin Herbert (LAC)",443,672,65.9,"5,014",7.5,38,15,31,63,"302",3,1,17,395.6,23.3,"97.2%",2021,"QB"
3,"Tom Brady (FA)",485,719,67.5,"5,316",7.4,43,12,22,28,"81",2,3,17,386.7,22.7,"1.5%",2021,"QB"
4,"Patrick Mahomes II (KC)",436,658,66.3,"4,828",7.3,37,13,28,66,"381",2,4,17,374.2,22,"100.0%",2021,"QB"
5,"Matthew Stafford (LAR)",404,601,67.2,"4,886",8.1,41,17,30,32,"43",0,2,17,346.8,20.4,"39.2%",2021,"QB"
6,"Aaron Rodgers (NYJ)",366,531,68.9,"4,115",7.7,37,4,30,33,"101",3,0,16,336.3,21,"90.2%",2021,"QB"
7,"Dak Prescott (DAL)",410,596,68.8,"4,449",7.5,37,10,30,48,"146",1,6,16,330.4,20.7,"92.5%",2021,"QB"
8,"Joe Burrow (CIN)",366,520,70.4,"4,611",8.9,34,14,51,40,"118",2,2,16,328.1,20.5,"99.8%",2021,"QB"
9,"Jalen Hurts (PHI)",265,432,61.3,"3,144",7.3,16,9,26,139,"784",10,2,15,321.2,21.4,"99.9%",2021,"QB"
10,"Kyler Murray (ARI)",333,481,69.2,"3,787",7.9,24,10,31,88,"423",5,0,14,310.5,22.2,"37.6%",2021,"QB"
11,"Kirk Cousins (MIN)",372,561,66.3,"4,221",7.5,33,7,28,29,"115",1,2,16,307.3,19.2,"89.1%",2021,"QB"
12,"Ryan Tannehill (TEN)",357,531,67.2,"3,734",7,21,14,47,55,"270",7,4,17,282.3,16.6,"6.5%",2021,"QB"
13,"Derek Carr (NO)",428,626,68.4,"4,804",7.7,23,14,40,40,"108",0,5,17,270.6,15.9,"38.9%",2021,"QB"
14,"Carson Wentz (FA)",322,516,62.4,"3,563",6.9,27,7,32,57,"215",1,5,17,264.9,15.6,"4.6%",2021,"QB"
15,"Lamar Jackson (BAL)",246,382,64.4,"2,882",7.5,16,13,38,134,"767",2,3,12,253,21.1,"99.7%",2021,"QB"
16,"Russell Wilson (DEN)",259,400,64.8,"3,113",7.8,25,6,33,43,"183",2,1,14,248.7,17.8,"78.4%",2021,"QB"
17,"Jimmy Garoppolo (LV)",301,441,68.3,"3,810",8.6,20,12,29,38,"51",3,3,15,239.5,16,"10.8%",2021,"QB"
18,"Mac Jones (NE)",352,521,67.6,"3,801",7.3,22,13,28,44,"129",0,3,17,238,14,"7.7%",2021,"QB"
19,"Taylor Heinicke (ATL)",321,494,65,"3,419",6.9,20,15,38,60,"313",1,2,16,236.7,14.8,"1.2%",2021,"QB"
20,"Matt Ryan (FA)",375,560,67,"3,968",7.1,20,12,40,40,"82",1,4,17,234.8,13.8,"6.1%",2021,"QB"
21,"Ben Roethlisberger (FA)",390,605,64.5,"3,740",6.2,22,10,38,20,"5",1,5,16,228,14.3,"13.6%",2021,"QB"
22,"Trevor Lawrence (JAC)",359,602,59.6,"3,641",6,12,17,32,73,"334",2,5,17,216,12.7,"96.0%",2021,"QB"
23,"Teddy Bridgewater (FA)",285,426,66.9,"3,052",7.2,18,7,31,30,"106",2,1,14,209.8,15,"2.6%",2021,"QB"
24,"Jared Goff (DET)",332,494,67.2,"3,245",6.6,19,8,35,17,"87",0,6,14,202.4,14.5,"62.2%",2021,"QB"
25,"Baker Mayfield (TB)",253,418,60.5,"3,010",7.2,17,13,43,37,"134",1,3,14,193.8,13.8,"5.0%",2021,"QB"
26,"Tua Tagovailoa (MIA)",263,388,67.8,"2,653",6.8,16,10,20,42,"128",3,1,13,190.9,14.7,"90.8%",2021,"QB"
27,"Daniel Jones (NYG)",232,361,64.3,"2,428",6.7,10,7,22,62,"298",2,3,11,173.6,15.8,"86.3%",2021,"QB"
28,"Sam Darnold (SF)",243,406,59.9,"2,527",6.2,9,13,35,48,"222",5,4,12,170.5,14.2,"1.8%",2021,"QB"
29,"Davis Mills (HOU)",263,394,66.8,"2,664",6.8,16,10,31,18,"44",0,1,13,167,12.8,"0.7%",2021,"QB"
30,"Zach Wilson (NYJ)",213,383,55.6,"2,334",6.1,9,11,44,29,"185",4,1,13,162.9,12.5,"0.8%",2021,"QB"
31,"Justin Fields (CHI)",159,270,58.9,"1,870",6.9,7,10,36,72,"420",2,5,12,136.9,11.4,"97.7%",2021,"QB"
32,"Jameis Winston (NO)",95,161,59,"1,170",7.3,14,3,11,32,"166",1,1,7,120.3,17.2,"0.7%",2021,"QB"
33,"Trevor Siemian (CIN)",108,188,57.4,"1,154",6.1,11,3,9,9,"20",1,1,6,93.2,15.5,"0.6%",2021,"QB"
34,"Andy Dalton (CAR)",149,236,63.1,"1,515",6.4,8,9,18,16,"76",0,1,8,93.1,11.6,"0.7%",2021,"QB"
35,"Cam Newton (FA)",69,126,54.8,"684",5.4,4,5,10,47,"230",5,1,8,91.3,11.4,"9.1%",2021,"QB"
36,"Tyrod Taylor (NYG)",91,150,60.7,"966",6.4,5,5,13,19,"151",3,0,6,86.7,14.5,"0.2%",2021,"QB"
37,"Tyler Huntley (BAL)",122,188,64.9,"1,081",5.8,3,4,18,47,"294",2,3,7,86.7,12.4,"0.7%",2021,"QB"
38,"Jacoby Brissett (WAS)",141,225,62.7,"1,283",5.7,5,4,19,19,"70",1,3,11,76.4,6.9,"1.3%",2021,"QB"
39,"Trey Lance (SF)",41,71,57.7,"603",8.5,5,2,4,38,"168",1,0,6,67,11.2,"13.6%",2021,"QB"
40,"Geno Smith (SEA)",65,95,68.4,"702",7.4,5,1,13,9,"42",1,1,4,55.3,13.8,"87.6%",2021,"QB"
41,"Drew Lock (SEA)",67,111,60.4,"787",7.1,2,2,9,10,"53",2,1,6,52.8,8.8,"0.2%",2021,"QB"
42,"Mike White (MIA)",88,132,66.7,"953",7.2,5,8,4,5,"-1",0,0,4,52,13,"1.2%",2021,"QB"
43,"Josh Johnson (BAL)",57,85,67.1,"638",7.5,5,2,3,9,"28",0,0,4,48.4,12.1,"0.0%",2021,"QB"
44,"Colt McCoy (ARI)",74,99,74.7,"740",7.5,3,1,6,22,"37",0,1,8,42.3,5.3,"1.2%",2021,"QB"
45,"Mike Glennon (FA)",90,167,53.9,"790",4.7,4,10,9,7,"33",1,3,6,40.9,6.8,"0.6%",2021,"QB"
46,"Gardner Minshew II (IND)",41,60,68.3,"439",7.3,4,1,5,9,"21",0,0,3,34.6,11.5,"1.2%",2021,"QB"
47,"Tim Boyle (NYJ)",61,94,64.9,"526",5.6,3,6,0,2,"13",0,0,4,30.4,7.6,"0.0%",2021,"QB"
48,"Case Keenum (HOU)",47,72,65.3,"462",6.4,3,1,5,12,"22",0,1,5,29.6,5.9,"0.0%",2021,"QB"
49,"Cooper Rush (DAL)",30,47,63.8,"422",9,3,1,3,9,"-8",0,1,4,25.1,6.3,"0.2%",2021,"QB"
50,"Jordan Love (GB)",36,62,58.1,"411",6.6,2,3,3,12,"27",0,1,6,24.2,4,"25.1%",2021,"QB"
51,"Joe Flacco (FA)",27,42,64.3,"338",8,3,0,2,2,"3",0,1,2,23.8,11.9,"1.0%",2021,"QB"
52,"Mason Rudolph (PIT)",35,58,60.3,"277",4.8,1,1,0,5,"53",0,0,2,19.4,9.7,"0.1%",2021,"QB"
53,"Nick Foles (FA)",24,35,68.6,"250",7.1,1,0,4,4,"8",0,0,1,16.8,16.8,"0.1%",2021,"QB"
54,"P.J. Walker (CHI)",36,66,54.5,"362",5.5,1,3,7,7,"13",0,1,5,16.8,3.4,"0.1%",2021,"QB"
55,"Marcus Mariota (PHI)",1,2,50,"4",2,0,0,0,13,"87",1,0,7,14.9,2.1,"0.7%",2021,"QB"
56,"Jake Fromm (WAS)",27,60,45,"210",3.5,1,3,6,8,"65",0,1,3,13.9,4.6,"0.0%",2021,"QB"
57,"Brandon Allen (SF)",17,34,50,"149",4.4,2,0,4,7,"-1",0,0,5,13.8,2.8,"0.0%",2021,"QB"
58,"Sean Mannion (FA)",22,36,61.1,"189",5.3,1,0,2,2,"14",0,0,1,13,13,"0.0%",2021,"QB"
59,"Brian Hoyer (LV)",9,11,81.8,"227",20.6,1,0,0,11,"-8",0,0,5,12.3,2.5,"0.1%",2021,"QB"
60,"Nick Mullens (MIN)",20,30,66.7,"147",4.9,1,0,0,0,"0",0,0,1,9.9,9.9,"0.1%",2021,"QB"
61,"Mitch Trubisky (PIT)",6,8,75,"43",5.4,0,1,0,13,"24",1,0,5,9.1,1.8,"0.6%",2021,"QB"
62,"Kyle Allen (BUF)",12,19,63.2,"120",6.3,1,0,2,2,"11",0,1,2,7.9,4,"0.1%",2021,"QB"
63,"Garrett Gilbert (FA)",20,31,64.5,"194",6.3,0,0,2,0,"0",0,0,1,7.8,7.8,"0.0%",2021,"QB"
64,"Ian Book (PHI)",12,20,60,"135",6.8,0,2,8,3,"6",0,0,1,4,4,"0.0%",2021,"QB"
65,"Chad Henne (FA)",11,16,68.8,"82",5.1,0,0,0,8,"0",0,0,4,3.3,0.8,"0.1%",2021,"QB"
66,"Chris Streveler (NYJ)",6,9,66.7,"36",4,0,0,2,3,"6",0,0,2,2,1,"0.0%",2021,"QB"
67,"Blaine Gabbert (KC)",7,11,63.6,"67",6.1,0,0,1,9,"-7",0,0,6,1.9,0.3,"0.1%",2021,"QB"
68,"C.J. Beathard (JAC)",2,2,100,"33",16.5,0,0,0,1,"2",0,0,2,1.5,0.8,"0.1%",2021,"QB"
69,"Sam Ehlinger (IND)",0,0,0,"0",0,0,0,0,3,"9",0,0,3,0.9,0.3,"0.1%",2021,"QB"
70,"Ryan Fitzpatrick (FA)",3,6,50,"13",2.2,0,0,1,1,"2",0,0,1,0.7,0.7,"0.0%",2021,"QB"
71,"David Blough (ARI)",0,0,0,"0",0,0,0,1,1,"6",0,0,1,0.6,0.6,"0.0%",2021,"QB"
72,"Kellen Mond (CLE)",2,3,66.7,"5",1.7,0,0,0,0,"0",0,0,2,0.2,0.1,"0.0%",2021,"QB"
73,"Nathan Peterman (CHI)",0,0,0,"0",0,0,0,0,2,"2",0,0,1,0.2,0.2,"0.0%",2021,"QB"
74,"Brett Rypien (LAR)",0,2,0,"0",0,0,0,0,0,"0",0,0,1,0,0,"0.0%",2021,"QB"
75,"Jacob Eason (FA)",2,5,40,"25",5,0,1,0,0,"0",0,0,1,0,0,"0.0%",2021,"QB"
76,"Trace McSorley (NE)",0,0,0,"0",0,0,0,0,0,"0",0,0,1,0,0,"0.2%",2021,"QB"
77,"Kurt Benkert (FA)",0,0,0,"0",0,0,0,0,2,"-1",0,0,1,-0.1,-0.1,"0.0%",2021,"QB"
78,"Chase Daniel (FA)",0,0,0,"0",0,0,0,0,2,"-2",0,0,1,-0.2,-0.2,"0.0%",2021,"QB"
79,"Davis Webb (FA)",0,0,0,"0",0,0,0,0,2,"-3",0,0,1,-0.3,-0.3,"0.0%",2021,"QB"
80,"Feleipe Franks (ATL)",0,1,0,"0",0,0,1,0,3,"6",0,0,6,-0.4,-0.1,"0.0%",2021,"QB"
81,"Logan Woodside (ATL)",0,0,0,"0",0,0,0,0,6,"-6",0,0,4,-0.6,-0.2,"0.0%",2021,"QB"
82,"John Wolford (TB)",1,4,25,"5",1.3,0,1,1,2,"-1",0,0,2,-0.9,-0.5,"0.0%",2021,"QB"
83,"Josh Rosen (FA)",2,11,18.2,"19",1.7,0,2,0,0,"0",0,0,3,-1.2,-0.4,"0.0%",2021,"QB"
1,"Patrick Mahomes II (KC)",435,648,67.1,"5,250",8.1,41,12,26,61,"358",4,0,17,428.4,25.2,"100.00%",2022,"QB"
2,"Josh Allen (BUF)",362,573,63.2,"4,316",7.5,35,14,33,126,"776",7,5,17,412.4,24.3,"99.90%",2022,"QB"
3,"Jalen Hurts (PHI)",306,460,66.5,"3,701",8,22,6,38,165,"760",13,2,15,384.1,25.6,"99.90%",2022,"QB"
4,"Joe Burrow (CIN)",418,610,68.5,"4,527",7.4,36,12,41,76,"259",5,3,17,369,21.7,"99.80%",2022,"QB"
5,"Geno Smith (SEA)",399,572,69.8,"4,282",7.5,30,11,46,68,"366",1,4,17,314.9,18.5,"87.70%",2022,"QB"
6,"Justin Fields (CHI)",192,318,60.4,"2,242",7.1,17,11,55,160,"1,143",8,2,15,307,20.5,"97.70%",2022,"QB"
7,"Kirk Cousins (MIN)",424,643,65.9,"4,547",7.1,29,14,46,31,"97",2,3,17,305.6,18,"89.20%",2022,"QB"
8,"Trevor Lawrence (JAC)",387,584,66.3,"4,113",7,25,8,27,62,"291",5,9,17,303.7,17.9,"96.10%",2022,"QB"
9,"Daniel Jones (NYG)",317,472,67.2,"3,205",6.8,15,5,44,120,"708",7,3,16,293.9,18.4,"86.40%",2022,"QB"
10,"Jared Goff (DET)",382,587,65.1,"4,438",7.6,29,7,23,29,"73",0,4,17,290.3,17.1,"62.20%",2022,"QB"
11,"Justin Herbert (LAC)",477,699,68.2,"4,739",6.8,25,10,38,54,"147",0,3,17,289.3,17,"97.20%",2022,"QB"
12,"Tom Brady (FA)",490,733,66.8,"4,694",6.4,25,9,22,29,"-1",1,4,17,280.5,16.5,"1.50%",2022,"QB"
13,"Aaron Rodgers (NYJ)",350,542,64.6,"3,695",6.8,26,12,32,34,"94",1,4,17,251.3,14.8,"90.30%",2022,"QB"
14,"Lamar Jackson (BAL)",203,326,62.3,"2,242",6.9,17,7,26,112,"764",3,2,12,243.1,20.3,"99.70%",2022,"QB"
15,"Tua Tagovailoa (MIA)",259,400,64.8,"3,548",8.9,25,8,21,24,"70",0,1,13,239,18.4,"91.40%",2022,"QB"
16,"Russell Wilson (DEN)",292,483,60.5,"3,524",7.3,16,11,55,55,"277",3,2,15,236,15.7,"78.40%",2022,"QB"
17,"Derek Carr (NO)",305,502,60.8,"3,522",7,24,14,27,24,"102",0,0,15,233,15.5,"38.90%",2022,"QB"
18,"Dak Prescott (DAL)",261,394,66.2,"2,860",7.3,23,15,20,45,"182",1,1,12,213.6,17.8,"92.60%",2022,"QB"
19,"Kyler Murray (ARI)",259,390,66.4,"2,368",6.1,14,7,25,67,"418",3,2,11,207.6,18.9,"37.70%",2022,"QB"
20,"Marcus Mariota (PHI)",184,300,61.3,"2,219",7.4,15,9,28,85,"438",4,3,13,205.7,15.8,"0.70%",2022,"QB"
21,"Davis Mills (HOU)",292,479,61,"3,118",6.5,17,15,31,32,"108",2,3,15,196.6,13.1,"0.70%",2022,"QB"
22,"Andy Dalton (CAR)",252,378,66.7,"2,871",7.6,18,9,25,30,"54",0,1,14,183.3,13.1,"0.70%",2022,"QB"
23,"Mac Jones (NE)",288,442,65.2,"2,997",6.8,14,11,34,47,"102",1,1,14,181.1,12.9,"7.70%",2022,"QB"
24,"Jacoby Brissett (WAS)",236,369,64,"2,608",7.1,12,6,24,49,"243",2,4,14,174.7,12.5,"1.30%",2022,"QB"
25,"Jimmy Garoppolo (LV)",207,308,67.2,"2,437",7.9,16,4,18,23,"33",2,2,11,168.7,15.3,"10.80%",2022,"QB"
26,"Matt Ryan (FA)",309,461,67,"3,057",6.6,14,13,38,27,"70",1,5,12,168.3,14,"6.10%",2022,"QB"
27,"Ryan Tannehill (TEN)",212,325,65.2,"2,536",7.8,13,6,33,34,"98",2,2,12,167.2,13.9,"7.00%",2022,"QB"
28,"Kenny Pickett (PIT)",245,389,63,"2,404",6.2,7,9,27,55,"237",3,1,13,159,12.2,"28.50%",2022,"QB"
29,"Baker Mayfield (TB)",201,335,60,"2,163",6.5,10,8,36,31,"89",1,2,12,129.4,10.8,"5.00%",2022,"QB"
30,"Taylor Heinicke (ATL)",161,259,62.2,"1,859",7.2,12,6,19,28,"96",1,5,9,121.9,13.5,"1.20%",2022,"QB"
31,"Carson Wentz (FA)",172,276,62.3,"1,755",6.4,11,9,26,22,"86",1,1,8,121.8,15.2,"4.60%",2022,"QB"
32,"Matthew Stafford (LAR)",206,303,68,"2,087",6.9,10,8,29,13,"9",1,3,9,116.5,12.9,"39.70%",2022,"QB"
33,"Brock Purdy (SF)",114,170,67.1,"1,374",8.1,13,4,11,22,"13",1,0,9,110.3,12.3,"21.90%",2022,"QB"
34,"Zach Wilson (NYJ)",132,242,54.5,"1,688",7,6,7,23,28,"102",1,1,9,105,11.7,"0.80%",2022,"QB"
35,"Deshaun Watson (CLE)",99,170,58.2,"1,102",6.5,7,5,20,36,"175",1,0,6,90.5,15.1,"92.70%",2022,"QB"
36,"Sam Darnold (SF)",82,140,58.6,"1,143",8.2,7,3,10,26,"106",2,2,6,89.3,14.9,"1.80%",2022,"QB"
37,"Mitch Trubisky (PIT)",117,180,65,"1,252",7,4,5,11,19,"38",2,0,7,79,11.3,"0.60%",2022,"QB"
38,"Mike White (MIA)",103,175,58.9,"1,192",6.8,3,4,9,6,"9",1,1,4,60.6,15.2,"1.20%",2022,"QB"
39,"Cooper Rush (DAL)",94,162,58,"1,051",6.5,5,3,7,9,"6",0,0,8,59.6,7.5,"0.20%",2022,"QB"
40,"Tyler Huntley (BAL)",75,112,67,"658",5.9,2,3,7,43,"137",1,0,5,53,10.6,"0.70%",2022,"QB"
41,"Joe Flacco (FA)",110,191,57.6,"1,051",5.5,5,3,10,3,"6",0,4,5,51.4,10.3,"1.00%",2022,"QB"
42,"Jameis Winston (NO)",73,115,63.5,"858",7.5,4,5,11,5,"16",0,0,3,48.9,16.3,"0.70%",2022,"QB"
43,"Jarrett Stidham (DEN)",53,83,63.9,"656",7.9,4,3,7,14,"84",0,1,3,45.7,15.2,"0.10%",2022,"QB"
44,"P.J. Walker (CHI)",63,106,59.4,"731",6.9,3,3,7,6,"39",0,0,6,42.2,7,"0.10%",2022,"QB"
45,"Teddy Bridgewater (FA)",49,79,62,"683",8.6,4,4,7,3,"27",0,0,5,42,8.4,"2.60%",2022,"QB"
46,"Bailey Zappe (NE)",65,92,70.7,"781",8.5,5,3,6,10,"0",0,3,4,41.7,10.4,"0.70%",2022,"QB"
47,"Gardner Minshew II (IND)",44,76,57.9,"663",8.7,3,3,6,7,"3",1,1,5,39.8,8,"1.20%",2022,"QB"
48,"Desmond Ridder (ATL)",73,115,63.5,"708",6.2,2,0,9,16,"64",0,2,4,38.8,9.7,"5.50%",2022,"QB"
49,"Sam Ehlinger (IND)",64,101,63.4,"573",5.7,3,3,14,17,"87",0,1,4,38.6,9.7,"0.10%",2022,"QB"
50,"Colt McCoy (ARI)",90,132,68.2,"780",5.9,1,3,13,14,"36",0,0,4,35.7,8.9,"1.70%",2022,"QB"
51,"Joshua Dobbs (CLE)",40,68,58.8,"411",6,2,2,6,8,"44",0,2,2,22.9,11.5,"0.10%",2022,"QB"
52,"Malik Willis (TEN)",31,61,50.8,"276",4.5,0,3,10,27,"123",1,2,7,22.3,3.2,"0.70%",2022,"QB"
53,"Brett Rypien (LAR)",53,88,60.2,"483",5.5,2,4,8,6,"7",0,1,4,22,5.5,"0.00%",2022,"QB"
54,"Davis Webb (FA)",23,40,57.5,"168",4.2,1,0,0,6,"41",1,0,1,20.8,20.8,"0.00%",2022,"QB"
55,"David Blough (ARI)",38,58,65.5,"402",6.9,2,2,5,4,"5",0,1,2,20.6,10.3,"0.00%",2022,"QB"
56,"Skylar Thompson (MIA)",60,105,57.1,"534",5.1,1,3,6,14,"21",0,2,7,20.5,2.9,"0.10%",2022,"QB"
57,"Kyle Allen (BUF)",46,78,59,"416",5.3,2,4,5,6,"13",0,1,3,19.9,6.6,"0.10%",2022,"QB"
58,"Sam Howell (WAS)",11,19,57.9,"169",8.9,1,1,3,5,"35",1,0,1,19.3,19.3,"8.00%",2022,"QB"
59,"John Wolford (TB)",38,62,61.3,"390",6.3,1,3,7,8,"32",0,1,2,17.8,8.9,"0.00%",2022,"QB"
60,"Bryce Perkins (FA)",19,34,55.9,"161",4.7,1,2,6,19,"90",0,0,5,17.5,3.5,"0.10%",2022,"QB"
61,"Jeff Driskel (ARI)",14,20,70,"108",5.4,1,0,2,20,"75",0,0,7,16.2,2.3,"0.00%",2022,"QB"
62,"Trace McSorley (NE)",45,83,54.2,"412",5,0,5,3,15,"61",0,2,5,13.7,2.7,"0.20%",2022,"QB"
63,"Trey Lance (SF)",15,31,48.4,"194",6.3,0,1,2,16,"67",0,0,3,13.5,4.5,"14.10%",2022,"QB"
64,"Nick Mullens (MIN)",21,25,84,"224",9,1,1,0,4,"8",0,0,4,12.8,3.2,"0.10%",2022,"QB"
65,"Tyrod Taylor (NYG)",6,8,75,"58",7.3,1,1,3,5,"70",0,1,3,12.3,4.1,"0.20%",2022,"QB"
66,"Jordan Love (GB)",14,21,66.7,"195",9.3,1,0,0,1,"-1",0,0,4,11.7,2.9,"25.60%",2022,"QB"
67,"Trevor Siemian (CIN)",15,26,57.7,"184",7.1,1,1,2,4,"8",0,0,2,11.2,5.6,"0.60%",2022,"QB"
68,"Nathan Peterman (CHI)",14,25,56,"139",5.6,1,1,1,2,"7",0,0,3,9.3,3.1,"0.00%",2022,"QB"
69,"Chris Streveler (NYJ)",10,15,66.7,"90",6,0,0,0,9,"54",0,0,1,9,9,"0.00%",2022,"QB"
70,"Chase Daniel (FA)",8,12,66.7,"52",4.3,1,0,1,1,"4",0,0,3,8.5,2.8,"0.00%",2022,"QB"
71,"Anthony Brown (BAL)",22,49,44.9,"302",6.2,0,2,5,3,"-5",0,1,2,7.5,3.8,"0.00%",2022,"QB"
72,"Nick Foles (FA)",25,42,59.5,"224",5.3,0,4,8,2,"8",0,0,2,5.7,2.9,"0.10%",2022,"QB"
73,"Blaine Gabbert (KC)",6,8,75,"29",3.6,1,0,0,0,"0",0,0,1,5.2,5.2,"0.10%",2022,"QB"
74,"Brian Hoyer (LV)",5,6,83.3,"37",6.2,0,0,1,0,"0",0,0,1,1.5,1.5,"0.10%",2022,"QB"
75,"Jacob Eason (FA)",3,5,60,"59",11.8,0,1,0,0,"0",0,0,1,1.4,1.4,"0.00%",2022,"QB"
76,"Kyle Trask (TB)",3,9,33.3,"23",2.6,0,0,0,0,"0",0,0,1,0.9,0.9,"1.30%",2022,"QB"
77,"Brandon Allen (SF)",3,3,100,"22",7.3,0,0,1,3,"-1",0,0,1,0.8,0.8,"0.00%",2022,"QB"
78,"Josh Johnson (BAL)",1,2,50,"10",5,0,0,0,2,"3",0,0,1,0.7,0.7,"0.00%",2022,"QB"
79,"Case Keenum (HOU)",2,7,28.6,"8",1.1,0,0,0,5,"0",0,0,2,0.3,0.2,"0.00%",2022,"QB"
80,"Bryce Young (CAR)",0,0,0,"0",0,0,0,0,0,"0",0,0,0,0,0,"25.70%",2022,"QB"
81,"Chase Garbers (LV)",0,0,0,"0",0,0,0,0,0,"0",0,0,0,0,0,"0.00%",2022,"QB"
82,"Brett Ratliff (TEN)",0,0,0,"0",0,0,0,0,0,"0",0,0,0,0,0,"0.00%",2022,"QB"
83,"Ben DiNucci (DEN)",0,0,0,"0",0,0,0,0,0,"0",0,0,0,0,0,"0.10%",2022,"QB"
84,"Reid Sinnett (CIN)",0,0,0,"0",0,0,0,0,0,"0",0,0,0,0,0,"0.00%",2022,"QB"
85,"Sean Clifford (GB)",0,0,0,"0",0,0,0,0,0,"0",0,0,0,0,0,"0.10%",2022,"QB"
86,"Tanner Morgan (PIT)",0,0,0,"0",0,0,0,0,0,"0",0,0,0,0,0,"0.00%",2022,"QB"
87,"Feleipe Franks (ATL)",0,0,0,"0",0,0,0,0,1,"0",0,0,5,0,0,"0.00%",2022,"QB"
88,"Jake Luton (CAR)",0,0,0,"0",0,0,0,0,0,"0",0,0,0,0,0,"0.00%",2022,"QB"
89,"Holton Ahlers (SEA)",0,0,0,"0",0,0,0,0,0,"0",0,0,0,0,0,"0.00%",2022,"QB"
90,"Dorian Thompson-Robinson (CLE)",0,0,0,"0",0,0,0,0,0,"0",0,0,0,0,0,"0.10%",2022,"QB"
91,"Ian Book (PHI)",0,0,0,"0",0,0,0,0,0,"0",0,0,0,0,0,"0.00%",2022,"QB"
92,"Jake Haener (NO)",0,0,0,"0",0,0,0,0,0,"0",0,0,0,0,0,"0.10%",2022,"QB"
93,"Tanner McKee (PHI)",0,0,0,"0",0,0,0,0,0,"0",0,0,0,0,0,"0.00%",2022,"QB"
94,"Davis Cheek (FA)",0,0,0,"0",0,0,0,0,0,"0",0,0,1,0,0,"0.00%",2022,"QB"
95,"Anthony Richardson (IND)",0,0,0,"0",0,0,0,0,0,"0",0,0,0,0,0,"78.30%",2022,"QB"
96,"Chris Oladokun (KC)",0,0,0,"0",0,0,0,0,0,"0",0,0,0,0,0,"0.00%",2022,"QB"
97,"Hendon Hooker (DET)",0,0,0,"0",0,0,0,0,0,"0",0,0,0,0,0,"1.40%",2022,"QB"
98,"James Blackman (MIA)",0,0,0,"0",0,0,0,0,0,"0",0,0,0,0,0,"0.00%",2022,"QB"
99,"Tommy DeVito (NYG)",0,0,0,"0",0,0,0,0,0,"0",0,0,0,0,0,"0.00%",2022,"QB"
100,"Clayton Tune (ARI)",0,0,0,"0",0,0,0,0,0,"0",0,0,0,0,0,"0.10%",2022,"QB"
101,"Nathan Rourke (JAC)",0,0,0,"0",0,0,0,0,0,"0",0,0,0,0,0,"0.00%",2022,"QB"
102,"Tyson Bagent (CHI)",0,0,0,"0",0,0,0,0,0,"0",0,0,0,0,0,"0.00%",2022,"QB"
103,"Cephus Johnson III (MIN)",0,0,0,"0",0,0,0,0,0,"0",0,0,0,0,0,"0.00%",2022,"QB"
104,"Dresser Winn (LAR)",0,0,0,"0",0,0,0,0,0,"0",0,0,0,0,0,"0.00%",2022,"QB"
105,"Aidan O'Connell (LV)",0,0,0,"0",0,0,0,0,0,"0",0,0,0,0,0,"0.10%",2022,"QB"
106,"C.J. Stroud (HOU)",0,0,0,"0",0,0,0,0,0,"0",0,0,0,0,0,"12.90%",2022,"QB"
107,"Max Duggan (LAC)",0,0,0,"0",0,0,0,0,0,"0",0,0,0,0,0,"0.10%",2022,"QB"
108,"Adrian Martinez (DET)",0,0,0,"0",0,0,0,0,0,"0",0,0,0,0,0,"0.00%",2022,"QB"
109,"Will Levis (TEN)",0,0,0,"0",0,0,0,0,0,"0",0,0,0,0,0,"2.00%",2022,"QB"
110,"Malik Cunningham (NE)",0,0,0,"0",0,0,0,0,0,"0",0,0,0,0,0,"0.00%",2022,"QB"
111,"Matt Corral (CAR)",0,0,0,"0",0,0,0,0,0,"0",0,0,2,0,0,"0.10%",2022,"QB"
112,"Stetson Bennett (LAR)",0,0,0,"0",0,0,0,0,0,"0",0,0,0,0,0,"0.80%",2022,"QB"
113,"Jaren Hall (MIN)",0,0,0,"0",0,0,0,0,0,"0",0,0,0,0,0,"0.10%",2022,"QB"
114,"Kellen Mond (CLE)",0,0,0,"0",0,0,0,0,0,"0",0,0,0,0,0,"0.00%",2022,"QB"
115,"Matt Barkley (BUF)",0,0,0,"0",0,0,0,0,0,"0",0,0,1,0,0,"0.10%",2022,"QB"
116,"Brett Smith (TB)",0,0,0,"0",0,0,0,0,0,"0",0,0,0,0,0,"0.00%",2022,"QB"
117,"Ben Chappell (WAS)",0,0,0,"0",0,0,0,0,0,"0",0,0,0,0,0,"0.00%",2022,"QB"
118,"Adam Froman (ATL)",0,0,0,"0",0,0,0,0,0,"0",0,0,0,0,0,"0.00%",2022,"QB"
119,"Hunter Cantwell (BAL)",0,0,0,"0",0,0,0,0,0,"0",0,0,0,0,0,"0.00%",2022,"QB"
120,"Erik Ainge (NYJ)",0,0,0,"0",0,0,0,0,0,"0",0,0,0,0,0,"0.00%",2022,"QB"
121,"Shane Buechele (KC)",0,0,0,"0",0,0,0,0,0,"0",0,0,0,0,0,"0.00%",2022,"QB"
122,"Alex McGough (GB)",0,0,0,"0",0,0,0,0,0,"0",0,0,0,0,0,"0.00%",2022,"QB"
123,"Danny Etling (GB)",0,0,0,"0",0,0,0,0,0,"0",0,0,0,0,0,"0.00%",2022,"QB"
124,"Mason Rudolph (PIT)",0,0,0,"0",0,0,0,0,0,"0",0,0,0,0,0,"0.10%",2022,"QB"
125,"Logan Woodside (ATL)",0,0,0,"0",0,0,0,0,0,"0",0,0,1,0,0,"0.00%",2022,"QB"
126,"Jake Fromm (WAS)",0,0,0,"0",0,0,0,0,0,"0",0,0,0,0,0,"0.00%",2022,"QB"
127,"John Lovett (MIA)",0,0,0,"0",0,0,0,0,0,"0",0,0,0,0,0,"0.00%",2022,"QB"
128,"Drew Lock (SEA)",0,0,0,"0",0,0,0,0,0,"0",0,0,0,0,0,"0.20%",2022,"QB"
129,"Will Grier (DAL)",0,0,0,"0",0,0,0,0,0,"0",0,0,0,0,0,"0.00%",2022,"QB"
130,"Easton Stick (LAC)",0,0,0,"0",0,0,0,0,0,"0",0,0,0,0,0,"0.10%",2022,"QB"
131,"Jake Browning (CIN)",0,0,0,"0",0,0,0,0,0,"0",0,0,0,0,0,"0.00%",2022,"QB"
132,"C.J. Beathard (JAC)",7,11,63.6,"35",3.2,0,1,1,4,"-4",0,0,4,0,0,"0.10%",2022,"QB"
133,"Nate Sudfeld (DET)",0,0,0,"0",0,0,0,1,5,"-4",0,0,2,-0.4,-0.2,"0.00%",2022,"QB"
134,"Chad Henne (FA)",0,2,0,"0",0,0,0,0,5,"-5",0,0,3,-0.5,-0.2,"0.10%",2022,"QB"
135,"Tim Boyle (NYJ)",2,8,25,"33",4.1,0,2,0,2,"-2",0,0,1,-0.9,-0.9,"0.00%",2022,"QB"
1,"Josh Allen (BUF)",396,572,69.2,"4,544",7.9,37,10,26,102,"421",8,6,16,405.2,25.3,"99.90%",2020,"QB"
2,"Kyler Murray (ARI)",375,558,67.2,"3,971",7.1,26,12,27,133,"819",11,4,16,390.7,24.4,"37.60%",2020,"QB"
3,"Aaron Rodgers (NYJ)",372,526,70.7,"4,299",8.2,48,5,20,38,"149",3,2,16,387.1,24.2,"90.20%",2020,"QB"
4,"Patrick Mahomes II (KC)",390,588,66.3,"4,740",8.1,38,6,22,62,"308",2,2,15,380.3,25.4,"100.00%",2020,"QB"
5,"Deshaun Watson (CLE)",382,544,70.2,"4,823",8.9,33,7,49,90,"444",3,3,16,376.4,23.5,"92.60%",2020,"QB"
6,"Russell Wilson (DEN)",384,558,68.8,"4,212",7.5,40,13,47,83,"513",2,4,16,372.6,23.3,"78.40%",2020,"QB"
7,"Ryan Tannehill (TEN)",315,481,65.5,"3,819",7.9,33,7,24,43,"266",7,1,16,350.3,21.9,"6.50%",2020,"QB"
8,"Tom Brady (FA)",401,610,65.7,"4,633",7.6,40,12,21,30,"6",3,1,16,350,21.9,"1.50%",2020,"QB"
9,"Justin Herbert (LAC)",396,595,66.6,"4,336",7.3,31,10,32,55,"234",5,1,15,342.8,22.9,"97.20%",2020,"QB"
10,"Lamar Jackson (BAL)",242,376,64.4,"2,757",7.3,26,9,29,159,"1,005",7,4,15,341.7,22.8,"99.70%",2020,"QB"
11,"Kirk Cousins (MIN)",349,516,67.6,"4,265",8.3,35,13,39,32,"156",1,5,16,319.2,20,"89.10%",2020,"QB"
12,"Matt Ryan (FA)",407,626,65,"4,581",7.3,26,11,41,29,"92",2,3,16,293.3,18.3,"6.10%",2020,"QB"
13,"Derek Carr (NO)",348,517,67.3,"4,103",7.9,27,9,26,39,"140",3,8,16,281,17.6,"38.90%",2020,"QB"
14,"Ben Roethlisberger (FA)",399,608,65.6,"3,803",6.3,33,10,13,25,"11",0,1,15,277.2,18.5,"13.60%",2020,"QB"
15,"Matthew Stafford (LAR)",339,528,64.2,"4,084",7.7,26,10,38,29,"112",0,1,16,270.5,16.9,"39.20%",2020,"QB"
16,"Cam Newton (FA)",242,368,65.8,"2,657",7.2,8,10,31,137,"592",12,1,15,269.3,18,"9.10%",2020,"QB"
17,"Baker Mayfield (TB)",305,486,62.8,"3,563",7.3,26,8,26,54,"165",1,4,16,255.8,16,"5.00%",2020,"QB"
18,"Jared Goff (DET)",370,552,67,"3,952",7.2,20,13,23,51,"99",4,4,15,253,16.9,"62.20%",2020,"QB"
19,"Teddy Bridgewater (FA)",340,492,69.1,"3,733",7.6,15,11,31,53,"279",5,3,15,252.1,16.8,"2.60%",2020,"QB"
20,"Philip Rivers (FA)",369,543,68,"4,169",7.7,24,11,19,18,"-8",0,1,16,251,15.7,"20.60%",2020,"QB"
21,"Drew Brees (FA)",275,390,70.5,"2,942",7.5,24,6,13,18,"-2",2,2,12,215.4,18,"35.70%",2020,"QB"
22,"Carson Wentz (FA)",251,437,57.4,"2,620",6,16,15,50,52,"276",5,4,12,213.4,17.8,"4.60%",2020,"QB"
23,"Drew Lock (SEA)",254,443,57.3,"2,933",6.6,16,15,19,44,"160",3,3,13,196.4,15.1,"0.20%",2020,"QB"
24,"Daniel Jones (NYG)",280,448,62.5,"2,943",6.6,11,10,45,65,"423",1,6,14,190.2,13.6,"86.30%",2020,"QB"
25,"Joe Burrow (CIN)",264,404,65.3,"2,688",6.7,13,5,32,37,"142",3,4,10,178.6,17.9,"99.80%",2020,"QB"
26,"Gardner Minshew II (IND)",216,327,66.1,"2,259",6.9,16,5,27,29,"153",1,4,9,164.5,18.3,"1.20%",2020,"QB"
27,"Mitch Trubisky (PIT)",199,297,67,"2,055",6.9,16,8,18,33,"195",1,2,10,161.8,16.2,"0.60%",2020,"QB"
28,"Ryan Fitzpatrick (FA)",183,267,68.5,"2,091",7.8,13,8,14,30,"151",2,0,10,160.7,16.1,"0.00%",2020,"QB"
29,"Sam Darnold (SF)",217,364,59.6,"2,208",6.1,9,11,35,37,"217",2,2,12,145,12.1,"1.80%",2020,"QB"
30,"Andy Dalton (CAR)",216,333,64.9,"2,170",6.5,14,8,24,28,"114",0,1,11,143.9,13.1,"0.70%",2020,"QB"
31,"Tua Tagovailoa (MIA)",186,290,64.1,"1,814",6.3,11,5,20,36,"109",3,1,10,140.4,14,"90.80%",2020,"QB"
32,"Dak Prescott (DAL)",151,222,68,"1,856",8.4,9,4,10,18,"93",3,3,5,138.6,27.7,"92.50%",2020,"QB"
33,"Nick Mullens (MIN)",211,326,64.7,"2,437",7.5,12,12,19,9,"8",0,4,10,128.2,12.8,"0.10%",2020,"QB"
34,"Jalen Hurts (PHI)",77,148,52,"1,061",7.2,6,4,13,63,"354",3,2,15,112.2,7.5,"99.90%",2020,"QB"
35,"Nick Foles (FA)",202,312,64.7,"1,852",5.9,10,8,18,16,"1",1,0,9,112.1,12.5,"0.10%",2020,"QB"
36,"Alex Smith (FA)",168,252,66.7,"1,582",6.3,6,8,22,10,"3",0,0,8,79.6,10,"5.00%",2020,"QB"
37,"Dwayne Haskins (FA)",148,241,61.4,"1,439",6,5,7,20,20,"46",1,3,7,75.2,10.7,"0.10%",2020,"QB"
38,"Jimmy Garoppolo (LV)",94,140,67.1,"1,096",7.8,7,5,11,10,"25",0,0,6,69.4,11.6,"10.80%",2020,"QB"
39,"Mike Glennon (FA)",111,179,62,"1,072",6,7,5,9,6,"17",0,2,5,65.5,13.1,"0.60%",2020,"QB"
40,"Joe Flacco (FA)",74,134,55.2,"864",6.4,6,3,7,6,"22",0,0,5,57.7,11.5,"1.00%",2020,"QB"
41,"Brandon Allen (SF)",90,142,63.4,"925",6.5,5,4,7,13,"27",0,1,5,53.6,10.7,"0.00%",2020,"QB"
42,"C.J. Beathard (JAC)",66,104,63.5,"787",7.6,6,0,9,6,"28",0,3,6,52.3,8.7,"0.10%",2020,"QB"
43,"Kyle Allen (BUF)",60,87,69,"610",7,4,1,7,7,"26",1,1,4,46.1,11.5,"0.10%",2020,"QB"
44,"Jake Luton (CAR)",60,110,54.5,"624",5.7,2,6,7,1,"13",1,0,3,34.3,11.4,"0.00%",2020,"QB"
45,"Jeff Driskel (ARI)",35,64,54.7,"432",6.8,3,2,11,6,"28",0,0,3,32,10.7,"0.00%",2020,"QB"
46,"Marcus Mariota (PHI)",17,28,60.7,"226",8.1,1,1,0,9,"88",1,0,1,26.8,26.8,"0.70%",2020,"QB"
47,"Chad Henne (FA)",28,38,73.7,"248",6.5,2,0,2,7,"-2",1,0,3,23.7,7.9,"0.10%",2020,"QB"
48,"Ryan Finley (FA)",17,32,53.1,"164",5.1,1,2,9,11,"66",1,0,5,21.2,4.2,"0.00%",2020,"QB"
49,"Jacoby Brissett (WAS)",2,8,25,"17",2.1,0,0,2,17,"19",3,0,11,20.6,1.9,"1.30%",2020,"QB"
50,"Mason Rudolph (PIT)",25,43,58.1,"324",7.5,2,1,1,7,"-6",0,0,5,19.3,3.9,"0.10%",2020,"QB"
51,"Colt McCoy (ARI)",40,66,60.6,"375",5.7,1,1,5,9,"12",0,1,4,19.1,4.8,"1.20%",2020,"QB"
52,"Jarrett Stidham (DEN)",22,44,50,"256",5.8,2,3,4,7,"7",0,0,5,16,3.2,"0.10%",2020,"QB"
53,"Garrett Gilbert (FA)",21,38,55.3,"243",6.4,1,1,2,3,"28",0,0,2,15.5,7.8,"0.00%",2020,"QB"
54,"Blaine Gabbert (KC)",9,16,56.3,"143",8.9,2,0,1,9,"16",0,0,4,15.3,3.8,"0.10%",2020,"QB"
55,"Brett Rypien (LAR)",27,40,67.5,"295",7.4,2,4,1,5,"-5",0,0,3,15.3,5.1,"0.00%",2020,"QB"
56,"Chase Daniel (FA)",29,43,67.4,"264",6.1,1,2,3,2,"16",0,0,4,14.2,3.6,"0.00%",2020,"QB"
57,"John Wolford (TB)",22,38,57.9,"231",6.1,0,1,2,6,"56",0,0,1,13.8,13.8,"0.00%",2020,"QB"
58,"P.J. Walker (CHI)",32,56,57.1,"368",6.6,1,5,4,5,"-2",0,0,4,13.5,3.4,"0.10%",2020,"QB"
59,"Taylor Heinicke (ATL)",12,19,63.2,"137",7.2,1,0,1,3,"22",0,0,1,11.7,11.7,"1.20%",2020,"QB"
60,"Matt Barkley (BUF)",11,21,52.4,"197",9.4,1,1,1,6,"-6",0,0,5,10.3,2.1,"0.10%",2020,"QB"
61,"Trace McSorley (NE)",3,10,30,"90",9,1,0,0,5,"17",0,0,2,9.3,4.7,"0.20%",2020,"QB"
62,"Tyrod Taylor (NYG)",16,30,53.3,"208",6.9,0,0,2,6,"7",0,0,2,9,4.5,"0.20%",2020,"QB"
63,"Chris Streveler (NYJ)",11,16,68.8,"105",6.6,1,1,2,4,"15",0,0,5,8.7,1.7,"0.00%",2020,"QB"
64,"Ben DiNucci (DEN)",23,43,53.5,"219",5.1,0,0,7,6,"22",0,2,3,7,2.3,"0.10%",2020,"QB"
65,"Robert Griffin III (FA)",8,14,57.1,"42",3,0,2,3,12,"69",0,1,4,4.6,1.2,"1.00%",2020,"QB"
66,"Brian Hoyer (LV)",15,24,62.5,"130",5.4,0,1,2,1,"8",0,1,1,3,3,"0.10%",2020,"QB"
67,"Tyler Huntley (BAL)",3,5,60,"15",3,0,0,0,10,"23",0,0,2,2.9,1.5,"0.70%",2020,"QB"
68,"David Blough (ARI)",6,10,60,"49",4.9,0,1,1,1,"18",0,0,1,2.8,2.8,"0.00%",2020,"QB"
69,"Jameis Winston (NO)",7,11,63.6,"75",6.8,0,0,2,8,"-6",0,0,4,2.4,0.6,"0.70%",2020,"QB"
70,"Tommy Stevens (FA)",0,0,0,"0",0,0,0,0,4,"24",0,0,1,2.4,2.4,"0.00%",2020,"QB"
71,"Joshua Dobbs (CLE)",4,5,80,"2",0.4,0,0,0,2,"20",0,0,1,2.1,2.1,"0.10%",2020,"QB"
72,"Nathan Peterman (CHI)",3,5,60,"25",5,0,0,2,1,"9",0,0,1,1.9,1.9,"0.00%",2020,"QB"
73,"Case Keenum (HOU)",5,10,50,"46",4.6,0,0,0,0,"0",0,0,2,1.8,0.9,"0.00%",2020,"QB"
74,"Logan Woodside (ATL)",1,3,33.3,"7",2.3,0,0,0,7,"10",0,0,6,1.3,0.2,"0.00%",2020,"QB"
75,"Geno Smith (SEA)",4,5,80,"33",6.6,0,0,1,2,"-2",0,0,1,1.1,1.1,"87.60%",2020,"QB"
76,"AJ McCarron (FA)",1,1,100,"20",20,0,0,1,0,"0",0,0,2,0.8,0.4,"0.00%",2020,"QB"
77,"Tyler Bray (FA)",1,5,20,"18",3.6,0,0,0,0,"0",0,0,1,0.7,0.7,"0.00%",2020,"QB"
78,"John Lovett (MIA)",0,0,0,"0",0,0,0,0,3,"6",0,0,8,0.6,0.1,"0.00%",2020,"QB"
79,"Joe Webb III (FA)",0,0,0,"0",0,0,0,0,0,"0",0,0,2,0,0,"0.00%",2020,"QB"
80,"Mike White (MIA)",0,0,0,"0",0,0,0,0,0,"0",0,0,1,0,0,"1.20%",2020,"QB"
81,"Easton Stick (LAC)",1,1,100,"4",4,0,0,0,1,"-2",0,0,1,0,0,"0.10%",2020,"QB"
82,"Matt Schaub (FA)",0,0,0,"0",0,0,0,0,3,"-4",0,0,1,-0.4,-0.4,"0.00%",2020,"QB"
83,"Nate Sudfeld (DET)",5,12,41.7,"32",2.7,0,1,2,2,"12",0,1,1,-0.5,-0.5,"0.00%",2020,"QB"
84,"Tim Boyle (NYJ)",0,0,0,"0",0,0,0,1,13,"-9",0,0,8,-0.9,-0.1,"0.00%",2020,"QB"
1,"Lamar Jackson (BAL)",265,401,66.1,"3,127",7.8,36,6,23,176,"1,206",7,2,15,421.7,28.1,"99.70%",2019,"QB"
2,"Dak Prescott (DAL)",388,596,65.1,"4,902",8.2,30,11,23,52,"277",3,2,16,348.9,21.8,"92.50%",2019,"QB"
3,"Jameis Winston (NO)",380,626,60.7,"5,109",8.2,33,30,47,59,"250",1,5,16,335.2,21,"0.70%",2019,"QB"
4,"Russell Wilson (DEN)",341,516,66.1,"4,110",8,31,5,48,75,"342",3,2,16,333.5,20.8,"78.40%",2019,"QB"
5,"Deshaun Watson (CLE)",333,495,67.3,"3,852",7.8,26,12,44,82,"413",7,3,15,332,22.1,"92.60%",2019,"QB"
6,"Josh Allen (BUF)",271,461,58.8,"3,089",6.7,20,9,38,109,"510",9,4,16,297.5,18.6,"99.90%",2019,"QB"
7,"Kyler Murray (ARI)",349,542,64.4,"3,722",6.9,20,12,48,93,"544",4,2,16,297.3,18.6,"37.60%",2019,"QB"
8,"Patrick Mahomes II (KC)",319,484,65.9,"4,031",8.3,26,5,17,43,"218",2,2,14,291.9,20.9,"100.00%",2019,"QB"
9,"Carson Wentz (FA)",388,607,63.9,"4,039",6.7,27,7,37,62,"243",1,7,16,282.9,17.7,"4.60%",2019,"QB"
10,"Aaron Rodgers (NYJ)",353,569,62,"3,994",7,26,4,36,46,"183",1,4,16,282,17.6,"90.20%",2019,"QB"
11,"Matt Ryan (FA)",408,616,66.2,"4,466",7.3,26,14,48,34,"147",1,5,15,281.4,18.8,"6.10%",2019,"QB"
12,"Tom Brady (FA)",373,613,60.8,"4,057",6.6,24,8,27,26,"34",3,1,16,271.6,17,"1.50%",2019,"QB"
13,"Jared Goff (DET)",394,626,62.9,"4,638",7.4,22,16,22,33,"40",2,5,16,263.5,16.5,"62.20%",2019,"QB"
14,"Jimmy Garoppolo (LV)",329,476,69.1,"3,978",8.4,27,13,36,46,"62",1,5,16,260.2,16.3,"10.80%",2019,"QB"
15,"Philip Rivers (FA)",390,591,66,"4,615",7.8,23,20,34,12,"29",0,3,16,255.5,16,"20.60%",2019,"QB"
16,"Ryan Fitzpatrick (FA)",311,502,62,"3,529",7,20,13,40,54,"243",4,2,15,254.7,17,"0.00%",2019,"QB"
17,"Derek Carr (NO)",361,513,70.4,"4,054",7.9,21,8,29,27,"82",2,3,16,252.5,15.8,"38.90%",2019,"QB"
18,"Kirk Cousins (MIN)",307,444,69.1,"3,603",8.1,26,6,28,31,"63",1,3,15,250.4,16.7,"89.10%",2019,"QB"
19,"Baker Mayfield (TB)",317,534,59.4,"3,827",7.2,22,21,40,28,"141",3,2,16,250.3,15.6,"5.00%",2019,"QB"
20,"Gardner Minshew II (IND)",285,470,60.6,"3,271",7,21,6,33,67,"344",0,7,14,235.3,16.8,"1.20%",2019,"QB"
21,"Ryan Tannehill (TEN)",201,286,70.3,"2,742",9.6,22,6,31,43,"185",4,3,12,230.2,19.2,"6.50%",2019,"QB"
22,"Drew Brees (FA)",281,378,74.3,"2,979",7.9,27,4,12,9,"-4",1,0,11,228.8,20.8,"35.70%",2019,"QB"
23,"Daniel Jones (NYG)",284,459,61.9,"3,027",6.6,24,12,38,45,"279",2,11,13,226.9,17.5,"86.30%",2019,"QB"
24,"Jacoby Brissett (WAS)",272,447,60.9,"2,942",6.6,18,6,27,56,"228",4,5,15,222.7,14.8,"1.30%",2019,"QB"
25,"Andy Dalton (CAR)",314,528,59.5,"3,494",6.6,16,14,37,32,"73",4,4,13,216.5,16.7,"0.70%",2019,"QB"
26,"Mitch Trubisky (PIT)",326,516,63.2,"3,138",6.1,17,10,38,48,"193",2,2,15,212.8,14.2,"0.60%",2019,"QB"
27,"Sam Darnold (SF)",273,441,61.9,"3,024",6.9,19,13,33,33,"62",2,3,13,202.1,15.5,"1.80%",2019,"QB"
28,"Kyle Allen (BUF)",303,489,62,"3,322",6.8,17,16,46,32,"106",2,7,14,193.4,13.8,"0.10%",2019,"QB"
29,"Matthew Stafford (LAR)",187,291,64.3,"2,499",8.6,19,5,18,20,"66",0,3,8,171.5,21.4,"39.20%",2019,"QB"
30,"Mason Rudolph (PIT)",176,283,62.2,"1,765",6.2,13,9,15,21,"42",0,0,10,117.8,11.8,"0.10%",2019,"QB"
31,"Case Keenum (HOU)",160,247,64.8,"1,707",6.9,11,5,15,9,"12",1,3,10,108.4,10.8,"0.00%",2019,"QB"
32,"Teddy Bridgewater (FA)",133,196,67.9,"1,384",7.1,9,2,12,28,"31",0,0,10,92.5,9.3,"2.60%",2019,"QB"
33,"Joe Flacco (FA)",171,262,65.3,"1,822",7,6,5,26,12,"20",0,3,8,89.9,11.2,"1.00%",2019,"QB"
34,"Marcus Mariota (PHI)",95,160,59.4,"1,203",7.5,7,2,25,24,"129",0,0,7,87.1,12.4,"0.70%",2019,"QB"
35,"Dwayne Haskins (FA)",119,203,58.6,"1,365",6.7,7,7,29,20,"101",0,2,9,83.7,9.3,"0.10%",2019,"QB"
36,"Drew Lock (SEA)",100,156,64.1,"1,020",6.5,7,3,5,18,"72",0,1,5,71.1,14.2,"0.20%",2019,"QB"
37,"Jeff Driskel (ARI)",62,105,59,"685",6.5,4,4,11,22,"151",1,0,4,61.2,15.3,"0.00%",2019,"QB"
38,"David Blough (ARI)",94,174,54,"984",5.7,4,6,14,8,"31",0,0,5,60.4,12.1,"0.00%",2019,"QB"
39,"Devlin Hodges (FA)",100,160,62.5,"1,063",6.6,5,8,15,21,"68",0,1,8,59.4,7.4,"0.00%",2019,"QB"
40,"Eli Manning (FA)",91,147,61.9,"1,042",7.1,6,5,5,4,"7",0,1,4,59.3,14.8,"2.30%",2019,"QB"
41,"Matt Moore (FA)",59,91,64.8,"659",7.2,4,0,8,5,"-1",0,0,6,42.3,7.1,"0.00%",2019,"QB"
42,"Nick Foles (FA)",77,117,65.8,"736",6.3,3,2,8,4,"23",0,2,4,39.7,9.9,"0.10%",2019,"QB"
43,"Brandon Allen (SF)",39,84,46.4,"515",6.1,3,2,9,10,"39",0,0,3,34.5,11.5,"0.00%",2019,"QB"
44,"Matt Schaub (FA)",50,67,74.6,"580",8.7,3,1,2,3,"-3",0,1,7,33.9,4.8,"0.00%",2019,"QB"
45,"Chase Daniel (FA)",45,64,70.3,"435",6.8,3,2,7,6,"6",0,0,5,28,5.6,"0.00%",2019,"QB"
46,"Ryan Finley (FA)",41,87,47.1,"474",5.4,2,2,11,10,"77",0,3,3,26.7,8.9,"0.00%",2019,"QB"
47,"Brian Hoyer (LV)",35,65,53.8,"372",5.7,4,4,5,8,"2",0,1,5,25.1,5,"0.10%",2019,"QB"
48,"Josh Rosen (FA)",58,109,53.2,"567",5.2,1,5,16,3,"13",0,0,6,23,3.8,"0.00%",2019,"QB"
49,"Robert Griffin III (FA)",23,38,60.5,"225",5.9,1,2,5,20,"70",0,0,7,18,2.6,"1.00%",2019,"QB"
50,"AJ McCarron (FA)",21,37,56.8,"225",6.1,0,1,5,5,"39",1,0,3,17.9,6,"0.00%",2019,"QB"
51,"Cam Newton (FA)",50,89,56.2,"572",6.4,0,1,6,5,"-2",0,2,2,17.7,8.9,"9.10%",2019,"QB"
52,"Ben Roethlisberger (FA)",35,62,56.5,"351",5.7,0,1,2,1,"7",0,0,2,13.7,6.9,"13.60%",2019,"QB"
53,"Luke Falk (FA)",47,73,64.4,"416",5.7,0,3,16,0,"0",0,1,3,11.6,3.9,"0.10%",2019,"QB"
54,"Matt Barkley (BUF)",27,51,52.9,"359",7,0,3,2,2,"-4",0,1,3,9,3,"0.10%",2019,"QB"
55,"Brett Hundley (FA)",5,11,45.5,"49",4.5,0,0,2,7,"41",0,0,3,6.1,2,"0.00%",2019,"QB"
56,"Tyrod Taylor (NYG)",4,6,66.7,"33",5.5,1,0,0,10,"7",0,0,8,6,0.8,"0.20%",2019,"QB"
57,"Will Grier (DAL)",28,52,53.8,"228",4.4,0,4,6,7,"22",0,1,2,5.4,2.7,"0.00%",2019,"QB"
58,"Colt McCoy (ARI)",18,27,66.7,"122",4.5,0,1,6,2,"14",0,0,2,5.3,2.7,"1.20%",2019,"QB"
59,"Mike Glennon (FA)",6,10,60,"56",5.6,1,0,0,2,"0",0,1,3,4.2,1.4,"0.60%",2019,"QB"
60,"Josh McCown (FA)",3,5,60,"24",4.8,0,0,0,2,"-2",0,0,3,0.8,0.3,"0.00%",2019,"QB"
61,"Ryan Griffin (FA)",2,4,50,"18",4.5,0,0,0,4,"-1",0,0,2,0.6,0.3,"0.00%",2019,"QB"
62,"Sean Mannion (FA)",12,21,57.1,"126",6,0,2,0,6,"-5",0,1,3,0.5,0.2,"0.00%",2019,"QB"
63,"Trevor Siemian (CIN)",3,6,50,"3",0.5,0,0,2,0,"0",0,0,1,0.1,0.1,"0.60%",2019,"QB"
64,"Trace McSorley (NE)",0,0,0,"0",0,0,0,0,1,"1",0,0,1,0.1,0.1,"0.20%",2019,"QB"
65,"Andrew Luck (FA)",0,0,0,"0",0,0,0,0,0,"0",0,0,1,0,0,"2.20%",2019,"QB"
66,"Geno Smith (SEA)",0,0,0,"0",0,0,0,0,0,"0",0,0,1,0,0,"87.60%",2019,"QB"
67,"Brandon Weeden (FA)",0,0,0,"0",0,0,0,0,0,"0",0,0,1,0,0,"0.00%",2019,"QB"
68,"Brock Osweiler (FA)",0,0,0,"0",0,0,0,0,0,"0",0,0,1,0,0,"0.00%",2019,"QB"
69,"Alex Tanney (FA)",1,1,100,"1",1,0,0,0,0,"0",0,0,1,0,0,"0.00%",2019,"QB"
70,"Chad Henne (FA)",0,0,0,"0",0,0,0,0,0,"0",0,0,1,0,0,"0.10%",2019,"QB"
71,"Sam Bradford (FA)",0,0,0,"0",0,0,0,0,0,"0",0,0,1,0,0,"0.00%",2019,"QB"
72,"Joe Webb III (FA)",0,0,0,"0",0,0,0,0,0,"0",0,0,1,0,0,"0.00%",2019,"QB"
73,"Mark Sanchez (FA)",0,0,0,"0",0,0,0,0,0,"0",0,0,1,0,0,"0.10%",2019,"QB"
74,"Matt Cassel (FA)",0,0,0,"0",0,0,0,0,0,"0",0,0,1,0,0,"0.00%",2019,"QB"
75,"Cooper Rush (DAL)",0,0,0,"0",0,0,0,0,0,"0",0,0,2,0,0,"0.20%",2019,"QB"
76,"Chad Kelly (FA)",0,0,0,"0",0,0,0,0,0,"0",0,0,1,0,0,"0.00%",2019,"QB"
77,"Joshua Dobbs (CLE)",0,0,0,"0",0,0,0,0,0,"0",0,0,1,0,0,"0.10%",2019,"QB"
78,"C.J. Beathard (JAC)",0,0,0,"0",0,0,0,0,0,"0",0,0,1,0,0,"0.10%",2019,"QB"
79,"Drew Anderson (FA)",0,0,0,"0",0,0,0,0,0,"0",0,0,1,0,0,"0.00%",2019,"QB"
80,"Alex Smith (FA)",0,0,0,"0",0,0,0,0,0,"0",0,0,1,0,0,"5.00%",2019,"QB"
81,"James Franklin (FA)",0,0,0,"0",0,0,0,0,0,"0",0,0,1,0,0,"0.00%",2019,"QB"
82,"Taylor Heinicke (ATL)",0,0,0,"0",0,0,0,0,0,"0",0,0,1,0,0,"1.20%",2019,"QB"
83,"David Fales (FA)",0,0,0,"0",0,0,0,1,0,"0",0,0,2,0,0,"0.00%",2019,"QB"
84,"Nate Sudfeld (DET)",0,0,0,"0",0,0,0,0,0,"0",0,0,1,0,0,"0.00%",2019,"QB"
85,"Tim Boyle (NYJ)",3,4,75,"15",3.8,0,0,0,5,"-7",0,0,3,-0.1,0,"0.00%",2019,"QB"
86,"Nick Mullens (MIN)",0,0,0,"0",0,0,0,0,3,"-3",0,0,2,-0.3,-0.2,"0.10%",2019,"QB"
87,"Garrett Gilbert (FA)",0,3,0,"0",0,0,0,0,3,"-3",0,0,6,-0.3,-0.1,"0.00%",2019,"QB"
88,"Jarrett Stidham (DEN)",2,4,50,"14",3.5,0,1,1,2,"-2",0,0,3,-0.6,-0.2,"0.10%",2019,"QB"
89,"Blake Bortles (FA)",1,2,50,"3",1.5,0,0,0,2,"-9",0,0,4,-0.8,-0.2,"0.00%",2019,"QB"
