"Rank","Player","ATT","YDS","Y.A","LG","X20.","TD","REC","TGT","YDS.1","Y.R","TD.1","FL","G","FPTS","FPTS.G","ROST","Fantasy_yr","Posit"
1,"Jonathan Taylor (IND)",332,"1,811",5.5,83,30,18,40,51,"360",9,2,2,17,333.1,19.6,"99.80%",2021,"RB"
2,"Austin Ekeler (LAC)",206,"911",4.4,28,3,12,70,94,"647",9.2,8,3,16,273.8,17.1,"100.00%",2021,"RB"
3,"Joe Mixon (CIN)",292,"1,205",4.1,32,7,13,42,48,"314",7.5,3,1,16,245.9,15.4,"98.70%",2021,"RB"
4,"Najee Harris (PIT)",307,"1,200",3.9,37,8,7,74,94,"467",6.3,3,0,17,226.7,13.3,"98.90%",2021,"RB"
5,"James Conner (ARI)",202,"752",3.7,35,4,15,37,39,"375",10.1,3,0,15,220.7,14.7,"93.80%",2021,"RB"
6,"Ezekiel Elliott (FA)",237,"1,002",4.2,47,5,10,47,65,"287",6.1,2,1,17,205.1,12.1,"47.40%",2021,"RB"
7,"Nick Chubb (CLE)",228,"1,259",5.5,70,20,8,20,25,"174",8.7,1,1,14,195.3,14,"99.90%",2021,"RB"
8,"Damien Harris (BUF)",202,"929",4.6,64,14,15,18,20,"132",7.3,0,2,15,192.1,12.8,"58.00%",2021,"RB"
9,"Alvin Kamara (NO)",240,"898",3.7,30,4,4,47,67,"439",9.3,5,0,13,187.7,14.4,"92.90%",2021,"RB"
10,"Antonio Gibson (WAS)",258,"1,037",4,27,4,7,42,52,"294",7,3,4,16,187.1,11.7,"82.80%",2021,"RB"
11,"Leonard Fournette (FA)",180,"812",4.5,47,7,8,69,84,"454",6.6,2,0,14,186.6,13.3,"15.90%",2021,"RB"
12,"Cordarrelle Patterson (ATL)",153,"618",4,39,3,6,52,69,"548",10.5,5,0,16,182.6,11.4,"16.30%",2021,"RB"
13,"Aaron Jones (GB)",171,"799",4.7,57,8,4,52,65,"391",7.5,6,1,15,177,11.8,"98.50%",2021,"RB"
14,"Derrick Henry (TEN)",219,"937",4.3,76,9,10,18,20,"154",8.6,0,0,8,175.3,21.9,"99.90%",2021,"RB"
15,"Dalvin Cook (FA)",249,"1,159",4.7,66,14,6,34,49,"224",6.6,0,2,13,172.3,13.3,"93.10%",2021,"RB"
16,"Josh Jacobs (LV)",217,"872",4,28,2,9,54,64,"348",6.4,0,2,15,172,11.5,"99.90%",2021,"RB"
17,"Melvin Gordon III (BAL)",203,"918",4.5,70,8,8,28,38,"213",7.6,2,3,16,167.2,10.5,"1.40%",2021,"RB"
18,"Javonte Williams (DEN)",203,"903",4.4,49,11,4,43,53,"316",7.3,3,1,17,161.9,9.5,"88.80%",2021,"RB"
19,"Devin Singletary (HOU)",188,"870",4.6,46,10,7,40,50,"228",5.7,1,0,17,157.8,9.3,"47.90%",2021,"RB"
20,"David Montgomery (DET)",225,"849",3.8,41,7,7,42,51,"301",7.2,0,1,14,154,11,"91.70%",2021,"RB"
21,"AJ Dillon (GB)",187,"803",4.3,36,3,5,34,37,"313",9.2,2,1,17,151.6,8.9,"88.10%",2021,"RB"
22,"Darrel Williams (FA)",144,"558",3.9,21,1,6,47,57,"452",9.6,2,0,17,149,8.8,"2.00%",2021,"RB"
23,"D'Andre Swift (PHI)",151,"617",4.1,57,7,5,62,78,"452",7.3,2,1,13,146.9,11.3,"92.10%",2021,"RB"
24,"Elijah Mitchell (SF)",207,"963",4.7,39,9,5,19,20,"137",7.2,1,0,12,146,12.2,"55.70%",2021,"RB"
25,"James Robinson (NYG)",164,"767",4.7,58,7,8,31,46,"222",7.2,0,2,14,142.9,10.2,"2.90%",2021,"RB"
26,"Darrell Henderson Jr. (FA)",149,"688",4.6,29,1,5,29,40,"176",6.1,3,0,12,134.4,11.2,"0.60%",2021,"RB"
27,"Sony Michel (FA)",208,"845",4.1,39,3,4,21,33,"128",6.1,1,1,17,125.3,7.4,"0.10%",2021,"RB"
28,"Myles Gaskin (MIA)",173,"612",3.5,30,3,3,49,63,"234",4.8,4,1,17,124.6,7.3,"0.10%",2021,"RB"
29,"Tony Pollard (DAL)",130,"719",5.5,58,8,2,39,46,"337",8.6,0,0,15,123.6,8.2,"99.80%",2021,"RB"
30,"Michael Carter (NYJ)",147,"639",4.3,55,8,4,36,55,"325",9,0,1,14,118.4,8.5,"14.20%",2021,"RB"
31,"Rashaad Penny (PHI)",119,"749",6.3,62,20,6,6,8,"48",8,0,0,10,115.7,11.6,"85.00%",2021,"RB"
32,"Chuba Hubbard (CAR)",172,"612",3.6,26,3,5,25,37,"174",7,1,1,16,112.6,7,"21.60%",2021,"RB"
33,"Devonta Freeman (FA)",133,"576",4.3,32,6,5,34,42,"190",5.6,1,0,16,112.6,7,"0.00%",2021,"RB"
34,"Saquon Barkley (NYG)",162,"593",3.7,41,6,2,41,57,"263",6.4,2,1,14,107.6,7.7,"99.90%",2021,"RB"
35,"Devontae Booker (FA)",145,"593",4.1,31,4,2,40,45,"268",6.7,1,0,16,104.1,6.5,"0.00%",2021,"RB"
36,"Rhamondre Stevenson (NE)",133,"606",4.6,21,1,5,14,18,"123",8.8,0,1,12,100.9,8.4,"98.70%",2021,"RB"
37,"Chase Edmonds (TB)",116,"592",5.1,54,8,2,43,53,"311",7.2,0,1,12,100.3,8.4,"2.30%",2021,"RB"
38,"Clyde Edwards-Helaire (KC)",119,"517",4.3,17,0,4,19,23,"118",6.2,2,2,10,97.5,9.8,"15.30%",2021,"RB"
39,"Mike Davis (FA)",138,"503",3.6,18,0,3,44,58,"259",5.9,1,3,17,94.2,5.5,"1.00%",2021,"RB"
40,"Alexander Mattison (MIN)",134,"491",3.7,48,4,3,32,39,"228",7.1,1,1,16,93.9,5.9,"90.70%",2021,"RB"
41,"Jamaal Williams (NO)",153,"601",3.9,20,1,3,26,28,"157",6,0,0,13,93.8,7.2,"88.00%",2021,"RB"
42,"Latavius Murray (BUF)",119,"501",4.2,46,5,6,10,13,"75",7.5,0,0,14,93.6,6.7,"1.30%",2021,"RB"
43,"Miles Sanders (CAR)",137,"754",5.5,38,9,0,26,34,"158",6.1,0,1,12,91.2,7.6,"95.80%",2021,"RB"
44,"Christian McCaffrey (SF)",99,"442",4.5,18,0,1,37,41,"343",9.3,1,0,7,90.5,12.9,"100.00%",2021,"RB"
45,"Kenneth Gainwell (PHI)",68,"291",4.3,18,0,5,33,50,"253",7.7,1,1,16,90.4,5.7,"20.00%",2021,"RB"
46,"Kareem Hunt (FA)",78,"386",4.9,33,3,5,22,27,"174",7.9,0,0,8,88,11,"11.20%",2021,"RB"
47,"Boston Scott (PHI)",87,"373",4.3,23,2,7,13,16,"83",6.4,0,1,11,85.6,7.8,"0.80%",2021,"RB"
48,"D'Ernest Johnson (JAC)",100,"534",5.3,30,5,3,19,25,"137",7.2,0,0,13,85.1,6.5,"0.60%",2021,"RB"
49,"D'Onta Foreman (CHI)",133,"566",4.3,35,6,3,9,11,"123",13.7,0,1,9,84.9,9.4,"35.80%",2021,"RB"
50,"J.D. McKissic (FA)",48,"212",4.4,15,0,2,43,53,"397",9.2,2,0,11,84.9,7.7,"0.10%",2021,"RB"
51,"Brandon Bolden (LV)",44,"226",5.1,24,2,1,41,49,"405",9.9,2,0,16,83.1,5.2,"0.20%",2021,"RB"
52,"Ty Johnson (FA)",61,"238",3.9,24,2,2,34,55,"372",10.9,2,1,15,83,5.5,"0.10%",2021,"RB"
53,"Zack Moss (IND)",96,"345",3.6,17,0,4,23,32,"197",8.6,1,1,13,82.2,6.3,"2.20%",2021,"RB"
54,"Mark Ingram II (FA)",160,"554",3.5,28,2,2,27,35,"162",6,0,1,14,81.6,5.8,"0.10%",2021,"RB"
55,"Rex Burkhead (FA)",122,"427",3.5,36,3,3,25,32,"186",7.4,0,0,15,79.3,5.3,"5.10%",2021,"RB"
56,"Nyheim Hines (BUF)",56,"276",4.9,34,3,2,40,57,"310",7.8,1,2,17,72.6,4.3,"1.80%",2021,"RB"
57,"Kenyan Drake (FA)",63,"254",4,21,1,2,30,40,"291",9.7,1,0,12,72.5,6,"0.60%",2021,"RB"
58,"Ronald Jones II (DAL)",101,"428",4.2,30,2,4,10,13,"64",6.4,0,2,15,69.2,4.6,"1.70%",2021,"RB"
59,"Khalil Herbert (CHI)",103,"433",4.2,29,4,2,14,16,"96",6.9,0,0,16,64.9,4.1,"84.70%",2021,"RB"
60,"Justin Jackson (FA)",68,"364",5.4,75,5,2,22,25,"178",8.1,0,1,14,64.2,4.6,"0.10%",2021,"RB"
61,"Jordan Howard (FA)",86,"406",4.7,25,1,3,2,5,"19",9.5,0,0,7,60.5,8.6,"0.00%",2021,"RB"
62,"Alex Collins (FA)",108,"411",3.8,25,2,2,9,10,"87",9.7,0,1,11,59.8,5.4,"19.00%",2021,"RB"
63,"Samaje Perine (DEN)",55,"246",4.5,46,4,1,27,31,"196",7.3,1,0,15,56.2,3.7,"83.20%",2021,"RB"
64,"Duke Johnson Jr. (FA)",71,"330",4.6,27,1,3,4,5,"41",10.3,0,0,5,55.1,11,"0.00%",2021,"RB"
65,"Dontrell Hilliard (FA)",56,"350",6.3,68,6,2,19,26,"87",4.6,0,1,8,53.7,6.7,"0.10%",2021,"RB"
66,"Ameer Abdullah (LV)",51,"166",3.3,15,0,0,38,53,"289",7.6,1,0,17,51.5,3,"0.50%",2021,"RB"
67,"David Johnson (FA)",67,"228",3.4,15,0,0,32,42,"225",7,1,1,13,49.3,3.8,"0.00%",2021,"RB"
68,"Derrick Gore (WAS)",51,"256",5,51,5,2,8,9,"105",13.1,0,0,8,48.1,6,"0.00%",2021,"RB"
69,"Jaret Patterson (WAS)",68,"266",3.9,13,0,2,10,12,"73",7.3,0,0,14,45.9,3.3,"0.00%",2021,"RB"
70,"Travis Homer (CHI)",21,"177",8.4,73,5,1,16,20,"161",10.1,0,0,14,45.8,3.3,"0.30%",2021,"RB"
71,"Jeremy McNichols (FA)",41,"156",3.8,14,0,0,28,38,"240",8.6,1,0,13,45.6,3.5,"0.00%",2021,"RB"
72,"Damien Williams (FA)",40,"164",4.1,23,1,2,16,23,"103",6.4,1,0,12,44.7,3.7,"0.00%",2021,"RB"
73,"Jeff Wilson Jr. (MIA)",79,"294",3.7,17,0,2,7,8,"31",4.4,0,0,9,44.5,4.9,"62.80%",2021,"RB"
74,"Kyle Juszczyk (SF)",8,"22",2.8,6,0,1,30,38,"296",9.9,1,0,15,43.8,2.9,"0.40%",2021,"RB"
75,"Chris Carson (FA)",54,"232",4.3,33,4,3,6,6,"29",4.8,0,1,4,42.1,10.5,"0.30%",2021,"RB"
76,"Phillip Lindsay (FA)",88,"249",2.8,35,2,1,4,5,"45",11.3,1,0,14,41.4,3,"0.00%",2021,"RB"
77,"Tevin Coleman (FA)",84,"356",4.2,20,1,0,11,16,"49",4.5,0,0,11,40.5,3.7,"0.00%",2021,"RB"
78,"Peyton Barber (FA)",55,"212",3.9,27,1,2,10,13,"67",6.7,0,0,10,39.9,4,"1.00%",2021,"RB"
79,"DeeJay Dallas (SEA)",33,"138",4.2,15,0,2,21,23,"133",6.3,0,0,17,39.1,2.3,"0.80%",2021,"RB"
80,"Dare Ogunbowale (HOU)",43,"137",3.2,12,0,1,13,21,"114",8.8,1,0,13,37.1,2.9,"0.10%",2021,"RB"
81,"Giovani Bernard (FA)",8,"58",7.3,24,1,0,23,29,"123",5.3,3,0,10,36.1,3.6,"0.00%",2021,"RB"
82,"Matt Breida (NYG)",26,"125",4.8,28,1,1,7,9,"72",10.3,2,1,7,35.7,5.1,"0.90%",2021,"RB"
83,"Chris Evans (CIN)",17,"77",4.5,13,0,0,15,17,"151",10.1,2,0,9,34.8,3.9,"0.40%",2021,"RB"
84,"Carlos Hyde (FA)",72,"253",3.5,18,0,1,12,22,"65",5.4,0,2,12,33.8,2.8,"0.00%",2021,"RB"
85,"Le'Veon Bell (FA)",39,"101",2.6,12,0,2,5,7,"30",6,1,0,8,33.1,4.1,"0.10%",2021,"RB"
86,"Ty'Son Williams (ARI)",35,"185",5.3,35,3,1,9,12,"84",9.3,0,0,8,32.9,4.1,"0.10%",2021,"RB"
87,"Ke'Shawn Vaughn (TB)",36,"180",5,55,4,2,4,8,"26",6.5,0,0,6,32.6,5.4,"0.70%",2021,"RB"
88,"Demetric Felton Jr. (CLE)",7,"24",3.4,12,0,0,18,21,"181",10.1,2,0,15,32.5,2.2,"0.00%",2021,"RB"
89,"Craig Reynolds (DET)",55,"230",4.2,35,3,0,7,8,"52",7.4,0,0,5,28.2,5.6,"0.30%",2021,"RB"
90,"Elijhaa Penny (FA)",24,"99",4.1,12,0,1,9,13,"30",3.3,1,0,13,26.9,2.1,"0.00%",2021,"RB"
91,"Salvon Ahmed (MIA)",54,"149",2.8,16,0,0,12,19,"117",9.8,0,0,11,26.6,2.4,"0.10%",2021,"RB"
92,"JaMycal Hasty (JAC)",16,"68",4.3,21,1,1,23,29,"157",6.8,0,1,11,26.5,2.4,"0.80%",2021,"RB"
93,"Trey Sermon (PHI)",41,"167",4.1,16,0,1,3,4,"26",8.7,0,0,6,25.3,4.2,"0.20%",2021,"RB"
94,"Royce Freeman (LAR)",56,"169",3,13,0,0,10,16,"77",7.7,0,0,12,24.6,2.1,"1.00%",2021,"RB"
95,"Corey Clement (ARI)",33,"140",4.2,38,2,0,6,7,"29",4.8,1,0,11,22.9,2.1,"0.20%",2021,"RB"
96,"Jerick McKinnon (KC)",12,"62",5.2,18,0,0,13,20,"107",8.2,1,0,9,22.9,2.5,"66.00%",2021,"RB"
97,"Adrian Peterson (FA)",38,"98",2.6,16,0,2,4,4,"8",2,0,0,4,22.6,5.7,"2.10%",2021,"RB"
98,"Eno Benjamin (NO)",34,"118",3.5,21,1,1,6,7,"42",7,0,0,8,22,2.8,"0.60%",2021,"RB"
99,"Jermar Jefferson (DET)",15,"74",4.9,28,1,2,4,5,"23",5.8,0,0,5,21.7,4.3,"0.10%",2021,"RB"
100,"Malcolm Brown (FA)",33,"125",3.8,24,1,1,3,5,"10",3.3,0,0,6,19.5,3.3,"0.00%",2021,"RB"
101,"James White (FA)",10,"38",3.8,10,0,1,12,14,"94",7.8,0,0,3,19.2,6.4,"0.10%",2021,"RB"
102,"Kene Nwangwu (MIN)",13,"61",4.7,19,0,0,4,5,"9",2.3,0,0,9,19,2.1,"1.00%",2021,"RB"
103,"Tony Jones Jr. (DEN)",54,"142",2.6,11,0,0,5,8,"29",5.8,0,0,10,17.1,1.7,"0.40%",2021,"RB"
104,"Austin Walter (LV)",26,"101",3.9,14,0,1,2,3,"9",4.5,0,0,4,17,4.3,"0.00%",2021,"RB"
105,"Jonathan Williams (WAS)",17,"79",4.6,23,1,1,4,6,"28",7,0,0,5,16.7,3.3,"0.20%",2021,"RB"
106,"C.J. Ham (MIN)",7,"34",4.9,30,2,0,17,18,"125",7.4,0,0,15,15.9,1.1,"0.10%",2021,"RB"
107,"Qadree Ollison (JAC)",21,"105",5,19,0,1,4,6,"12",3,0,1,6,15.7,2.6,"0.00%",2021,"RB"
108,"Patrick Taylor Jr. (GB)",23,"89",3.9,12,0,1,2,2,"3",1.5,0,0,5,15.2,3,"0.10%",2021,"RB"
109,"Alec Ingold (MIA)",2,"1",0.5,1,0,0,10,12,"85",8.5,1,0,7,14.6,2.1,"0.10%",2021,"RB"
110,"Larry Rountree III (LAC)",36,"87",2.4,13,0,1,1,2,"-1",-1,0,0,10,14.6,1.5,"0.10%",2021,"RB"
111,"J.J. Taylor (NE)",19,"37",1.9,15,0,2,4,4,"8",2,0,1,5,14.5,2.9,"0.10%",2021,"RB"
112,"Godwin Igwebuike (ATL)",18,"118",6.6,42,3,1,7,10,"60",8.6,0,2,15,14,0.9,"0.00%",2021,"RB"
113,"Ty Montgomery (NE)",15,"44",2.9,9,0,0,16,26,"95",5.9,0,0,14,13.9,1,"0.70%",2021,"RB"
114,"Patrick Ricard (BAL)",2,"4",2,2,0,0,8,13,"63",7.9,1,0,8,12.7,1.6,"0.10%",2021,"RB"
115,"Wayne Gallman Jr. (FA)",28,"104",3.7,17,0,0,1,3,"21",21,0,0,9,12.5,1.4,"0.00%",2021,"RB"
116,"Joshua Kelley (LAC)",33,"102",3.1,14,0,0,5,6,"38",7.6,0,1,8,12,1.5,"3.20%",2021,"RB"
117,"Michael Burton (DEN)",8,"26",3.3,7,0,1,3,3,"31",10.3,0,0,10,11.7,1.2,"0.00%",2021,"RB"
118,"Jalen Richard (FA)",9,"40",4.4,23,1,0,12,14,"72",6,0,0,9,11.2,1.2,"1.00%",2021,"RB"
119,"Benny Snell Jr. (FA)",36,"98",2.7,9,0,0,2,4,"13",6.5,0,0,16,11.1,0.7,"2.00%",2021,"RB"
120,"Marlon Mack (FA)",28,"101",3.6,22,1,0,2,5,"8",4,0,0,6,10.9,1.8,"6.00%",2021,"RB"
121,"Ryquell Armstead (FA)",15,"80",5.3,26,1,0,3,4,"16",5.3,0,0,2,9.6,4.8,"0.00%",2021,"RB"
122,"Deon Jackson (IND)",13,"31",2.4,10,0,1,0,0,"0",0,0,0,5,9.1,1.8,"5.80%",2021,"RB"
123,"JaQuan Hardy (FA)",4,"29",7.3,22,1,1,0,0,"0",0,0,0,2,8.9,4.5,"0.00%",2021,"RB"
124,"Andy Janovich (FA)",2,"0",0,1,0,1,3,4,"9",3,0,0,6,8.9,1.5,"0.00%",2021,"RB"
125,"Keith Smith (ATL)",9,"31",3.4,8,0,0,9,10,"56",6.2,0,0,13,8.7,0.7,"0.10%",2021,"RB"
126,"Alex Armah Jr. (WAS)",5,"21",4.2,9,0,0,1,1,"1",1,1,0,10,8.2,0.8,"0.00%",2021,"RB"
127,"Johnny Stanton IV (FA)",3,"5",1.7,3,0,0,2,2,"7",3.5,1,0,3,7.2,2.4,"0.00%",2021,"RB"
128,"Jonathan Ward (TEN)",9,"33",3.7,7,0,0,3,4,"34",11.3,0,0,9,6.7,0.7,"0.00%",2021,"RB"
129,"Ito Smith (FA)",1,"4",4,4,0,1,0,0,"0",0,0,0,1,6.4,6.4,"0.00%",2021,"RB"
130,"Mike Boone (HOU)",4,"35",8.8,16,0,0,2,2,"22",11,0,0,3,5.7,1.9,"0.20%",2021,"RB"
131,"Trayveon Williams (CIN)",15,"51",3.4,10,0,0,1,2,"4",4,0,0,4,5.5,1.4,"0.70%",2021,"RB"
132,"Jason Huntley (FA)",13,"51",3.9,18,0,0,0,1,"0",0,0,0,1,5.1,5.1,"0.10%",2021,"RB"
133,"Rodney Smith (FA)",0,"0",0,0,0,0,5,5,"48",9.6,0,0,1,4.8,4.8,"0.00%",2021,"RB"
134,"Wendell Smallwood (FA)",5,"25",5,13,0,0,4,5,"22",5.5,0,0,2,4.7,2.4,"0.00%",2021,"RB"
135,"Kalen Ballage (FA)",12,"36",3,13,0,0,2,7,"8",4,0,0,9,4.4,0.5,"0.00%",2021,"RB"
136,"Jakob Johnson (LV)",0,"0",0,0,0,0,4,5,"43",10.8,0,0,7,4.3,0.6,"0.00%",2021,"RB"
137,"La'Mical Perine (KC)",8,"31",3.9,14,0,0,0,0,"0",0,0,0,2,3.1,1.6,"0.10%",2021,"RB"
138,"Kylin Hill (FA)",10,"24",2.4,8,0,0,1,2,"5",5,0,0,8,2.9,0.4,"0.00%",2021,"RB"
139,"Dwayne Washington (FA)",4,"16",4,5,0,0,2,2,"12",6,0,0,8,2.8,0.4,"0.00%",2021,"RB"
140,"Reggie Gilliam (BUF)",3,"3",1,2,0,0,3,5,"23",7.7,0,0,8,2.6,0.3,"0.10%",2021,"RB"
141,"Gabe Nabers (FA)",3,"8",2.7,4,0,0,3,3,"17",5.7,0,0,7,2.5,0.4,"0.00%",2021,"RB"
142,"Jaylen Samuels (FA)",5,"9",1.8,3,0,0,3,4,"14",4.7,0,0,3,2.3,0.8,"0.00%",2021,"RB"
143,"Scottie Phillips (FA)",6,"13",2.2,4,0,0,2,3,"9",4.5,0,0,3,2.2,0.7,"0.00%",2021,"RB"
144,"Adam Prentice (NO)",3,"5",1.7,2,0,0,3,3,"16",5.3,0,0,5,2.1,0.4,"0.00%",2021,"RB"
145,"Patrick Laird (TB)",1,"4",4,4,0,0,3,3,"17",5.7,0,0,3,2.1,0.7,"0.00%",2021,"RB"
146,"Raheem Mostert (MIA)",2,"20",10,11,0,0,0,0,"0",0,0,0,1,2,2,"60.80%",2021,"RB"
147,"Nick Bawden (NYJ)",0,"0",0,0,0,0,1,1,"20",20,0,0,1,2,2,"0.00%",2021,"RB"
148,"Darrynton Evans (BUF)",2,"7",3.5,5,0,0,2,2,"11",5.5,0,0,2,1.8,0.9,"0.00%",2021,"RB"
149,"Derek Watt (FA)",1,"1",1,1,0,0,3,3,"15",5,0,0,11,1.6,0.1,"0.10%",2021,"RB"
150,"Reggie Bonnafon (FA)",1,"4",4,4,0,0,2,2,"12",6,0,0,1,1.6,1.6,"0.00%",2021,"RB"
151,"Trey Ragas (FA)",1,"9",9,9,0,0,2,2,"6",3,0,0,1,1.5,1.5,"0.00%",2021,"RB"
152,"Anthony McFarland Jr. (PIT)",3,"3",1,3,0,0,1,1,"11",11,0,0,3,1.4,0.5,"0.20%",2021,"RB"
153,"John Kelly Jr. (CLE)",2,"13",6.5,11,0,0,0,0,"0",0,0,0,1,1.3,1.3,"0.20%",2021,"RB"
154,"Cam Akers (LAR)",5,"3",0.6,2,0,0,3,3,"10",3.3,0,0,2,1.3,0.7,"93.20%",2021,"RB"
155,"Jacques Patrick (FA)",2,"12",6,8,0,0,0,0,"0",0,0,0,1,1.2,1.2,"0.00%",2021,"RB"
156,"Mekhi Sargent (FA)",5,"11",2.2,3,0,0,0,1,"0",0,0,0,5,1.1,0.2,"0.00%",2021,"RB"
157,"Buddy Howell (FA)",5,"11",2.2,4,0,0,0,0,"0",0,0,0,5,1.1,0.2,"0.00%",2021,"RB"
158,"Gary Brightwell (NYG)",1,"4",4,4,0,0,1,1,"6",6,0,0,7,1,0.1,"0.20%",2021,"RB"
159,"Ryan Nall (FA)",1,"4",4,4,0,0,1,1,"4",4,0,0,5,0.8,0.2,"0.00%",2021,"RB"
160,"Damarea Crockett (NYJ)",3,"7",2.3,6,0,0,0,0,"0",0,0,0,1,0.7,0.7,"0.00%",2021,"RB"
161,"Jake Funk (IND)",2,"5",2.5,6,0,0,0,0,"0",0,0,0,5,0.5,0.1,"0.00%",2021,"RB"
162,"Devine Ozigbo (FA)",1,"-3",-3,0,0,0,1,1,"7",7,0,0,2,0.4,0.2,"0.00%",2021,"RB"
163,"Nathan Cottrell (FA)",1,"3",3,3,0,0,0,0,"0",0,0,0,3,0.3,0.1,"0.00%",2021,"RB"
164,"Andrew Beck (HOU)",0,"0",0,0,0,0,0,0,"0",0,0,0,1,0,0,"0.00%",2021,"RB"
165,"Cullen Gillaspia (FA)",0,"0",0,0,0,0,0,0,"0",0,0,0,4,0,0,"0.00%",2021,"RB"
166,"Sutton Smith (FA)",0,"0",0,0,0,0,0,0,"0",0,0,0,1,0,0,"0.00%",2021,"RB"
167,"Darwin Thompson (FA)",0,"0",0,0,0,0,0,0,"0",0,0,0,2,0,0,"0.00%",2021,"RB"
168,"Pooka Williams Jr. (FA)",0,"0",0,0,0,0,0,0,"0",0,0,0,1,0,0,"0.00%",2021,"RB"
169,"Darius Bradwell (FA)",0,"0",0,0,0,0,0,1,"0",0,0,0,2,0,0,"0.00%",2021,"RB"
170,"J.K. Dobbins (BAL)",0,"0",0,0,0,0,0,0,"0",0,0,0,1,0,0,"93.10%",2021,"RB"
171,"LeVante Bellamy (FA)",0,"0",0,0,0,0,0,0,"0",0,0,0,1,0,0,"0.00%",2021,"RB"
172,"Kirk Merritt (NO)",0,"0",0,0,0,0,1,3,"13",13,0,0,1,0,0,"0.00%",2021,"RB"
173,"Sewo Olonilua (FA)",0,"0",0,0,0,0,0,0,"0",0,0,0,1,0,0,"0.00%",2021,"RB"
174,"Artavis Pierce (FA)",0,"0",0,0,0,0,0,0,"0",0,0,0,1,0,0,"0.00%",2021,"RB"
175,"Sandro Platzgummer (FA)",0,"0",0,0,0,0,0,0,"0",0,0,0,3,0,0,"0.00%",2021,"RB"
176,"Chris Myarick (NYG)",0,"0",0,0,0,0,3,6,"17",5.7,1,0,5,0,0,"0.00%",2021,"RB"
177,"Josh Johnson (FA)",0,"0",0,0,0,0,0,0,"0",0,0,0,1,0,0,"0.00%",2021,"RB"
178,"B.J. Emmons (FA)",0,"0",0,0,0,0,0,0,"0",0,0,0,1,0,0,"0.00%",2021,"RB"
179,"Spencer Brown (CAR)",0,"0",0,0,0,0,0,0,"0",0,0,0,1,0,0,"0.00%",2021,"RB"
180,"Nick Ralston (FA)",0,"0",0,0,0,0,0,0,"0",0,0,0,1,0,0,"0.00%",2021,"RB"
181,"Tory Carter (FA)",0,"0",0,0,0,0,0,1,"0",0,0,0,5,0,0,"0.00%",2021,"RB"
182,"Gerrid Doaks (HOU)",0,"0",0,0,0,0,0,0,"0",0,0,0,4,0,0,"0.00%",2021,"RB"
183,"Avery Williams (ATL)",0,"0",0,0,0,0,0,0,"0",0,0,0,15,0,0,"0.10%",2021,"RB"
184,"Nick Bellore (SEA)",0,"0",0,0,0,0,1,1,"4",4,0,0,10,0,0,"36.00%",2021,"RB"
185,"Taiwan Jones (FA)",0,"0",0,0,0,0,0,0,"0",0,0,0,7,0,0,"0.00%",2021,"RB"
186,"Kenjon Barner (FA)",4,"0",0,1,0,0,0,0,"0",0,0,0,3,0,0,"0.00%",2021,"RB"
187,"Elijah McGuire (FA)",0,"0",0,0,0,0,0,0,"0",0,0,0,3,0,0,"0.00%",2021,"RB"
188,"Tarik Cohen (FA)",0,"0",0,0,0,0,0,0,"0",0,0,0,1,0,0,"0.00%",2021,"RB"
189,"Brian Hill (FA)",0,"0",0,0,0,0,0,0,"0",0,0,0,1,0,0,"0.00%",2021,"RB"
190,"Brandin Bryant (NYG)",0,"0",0,0,0,0,0,0,"0",0,0,0,3,0,0,"0.10%",2021,"RB"
191,"J.P. Holtz (FA)",0,"0",0,0,0,0,0,0,"0",0,0,0,5,0,0,"0.00%",2021,"RB"
192,"Trey Edmunds (FA)",0,"0",0,0,0,0,0,0,"0",0,0,0,1,0,0,"0.00%",2021,"RB"
193,"Jordan Wilkins (FA)",0,"0",0,0,0,0,0,0,"0",0,0,0,2,0,0,"0.00%",2021,"RB"
194,"Jason Cabinda (DET)",3,"23",7.7,21,1,0,4,7,"16",4,1,0,10,0,0,"0.00%",2021,"RB"
195,"Nate McCrary (CLE)",1,"-1",-1,0,0,0,0,0,"0",0,0,0,1,-0.1,-0.1,"0.00%",2021,"RB"
196,"Khari Blasingame (CHI)",3,"6",2,3,0,0,2,2,"4",2,0,1,5,-1,-0.2,"0.00%",2021,"RB"
197,"Trenton Cannon (FA)",3,"4",1.3,3,0,0,0,0,"0",0,0,1,10,-1.6,-0.2,"0.00%",2021,"RB"
1,"Derrick Henry (TEN)",378,"2,027",5.4,94,30,17,19,31,"114",6,0,2,16,314.1,19.6,"99.90%",2020,"RB"
2,"Alvin Kamara (NO)",187,"932",5,49,13,16,83,107,"756",9.1,5,0,15,294.8,19.7,"92.90%",2020,"RB"
3,"Dalvin Cook (FA)",312,"1,557",5,70,12,16,44,54,"361",8.2,1,3,14,293.8,21,"93.10%",2020,"RB"
4,"Jonathan Taylor (IND)",232,"1,169",5,62,15,11,36,40,"299",8.3,1,1,15,216.8,14.5,"99.80%",2020,"RB"
5,"Aaron Jones (GB)",201,"1,104",5.5,77,17,9,47,63,"355",7.6,2,0,14,211.9,15.1,"98.50%",2020,"RB"
6,"David Montgomery (DET)",247,"1,070",4.3,80,12,8,54,68,"438",8.1,2,1,15,210.8,14.1,"91.70%",2020,"RB"
7,"James Robinson (NYG)",240,"1,070",4.5,47,8,7,49,60,"344",7,3,1,14,201.4,14.4,"2.90%",2020,"RB"
8,"Josh Jacobs (LV)",273,"1,065",3.9,28,3,12,33,45,"238",7.2,0,2,15,198.3,13.2,"99.90%",2020,"RB"
9,"Nick Chubb (CLE)",190,"1,067",5.6,59,20,12,16,18,"150",9.4,0,1,12,191.7,16,"99.90%",2020,"RB"
10,"Kareem Hunt (FA)",198,"841",4.2,33,4,6,38,51,"304",8,5,0,16,180.5,11.3,"11.20%",2020,"RB"
11,"Ezekiel Elliott (FA)",244,"979",4,31,4,6,52,71,"338",6.5,2,5,15,171.7,11.4,"47.40%",2020,"RB"
12,"Kenyan Drake (FA)",239,"955",4,69,10,10,25,31,"137",5.5,0,1,15,167.2,11.1,"0.60%",2020,"RB"
13,"Melvin Gordon III (BAL)",215,"986",4.6,65,10,9,32,44,"158",4.9,1,4,15,166.4,11.1,"1.40%",2020,"RB"
14,"Antonio Gibson (WAS)",170,"795",4.7,40,8,11,36,44,"247",6.9,0,2,14,166.2,11.9,"82.80%",2020,"RB"
15,"Ronald Jones II (DAL)",192,"978",5.1,98,11,7,28,42,"165",5.9,1,2,14,158.3,11.3,"1.70%",2020,"RB"
16,"Chris Carson (FA)",141,"681",4.8,29,3,5,37,46,"287",7.8,4,0,12,150.8,12.6,"0.30%",2020,"RB"
17,"J.K. Dobbins (BAL)",134,"805",6,72,15,9,18,24,"120",6.7,0,0,15,150.5,10,"93.10%",2020,"RB"
18,"Mike Davis (FA)",165,"642",3.9,25,2,6,59,70,"373",6.3,2,1,15,147.5,9.8,"1.00%",2020,"RB"
19,"David Johnson (FA)",147,"691",4.7,48,7,6,33,46,"314",9.5,2,1,12,146.5,12.2,"0.00%",2020,"RB"
20,"D'Andre Swift (PHI)",114,"521",4.6,54,4,8,46,57,"357",7.8,2,2,13,143.8,11.1,"92.10%",2020,"RB"
21,"Miles Sanders (CAR)",164,"867",5.3,82,13,6,28,52,"197",7,0,2,12,142.4,11.9,"95.80%",2020,"RB"
22,"Clyde Edwards-Helaire (KC)",181,"803",4.4,31,4,4,36,54,"297",8.3,1,0,13,140,10.8,"15.30%",2020,"RB"
23,"Todd Gurley II (FA)",195,"678",3.5,35,3,9,25,35,"164",6.6,0,0,15,138.2,9.2,"0.10%",2020,"RB"
24,"Nyheim Hines (BUF)",89,"380",4.3,31,4,3,63,76,"482",7.7,4,0,16,130.2,8.1,"1.80%",2020,"RB"
25,"James Conner (ARI)",169,"721",4.3,59,8,6,35,43,"215",6.1,0,0,13,129.6,10,"93.80%",2020,"RB"
26,"Jeff Wilson Jr. (MIA)",126,"600",4.8,34,4,7,13,28,"133",10.2,3,2,12,129.3,10.8,"62.80%",2020,"RB"
27,"Myles Gaskin (MIA)",142,"584",4.1,26,3,3,41,47,"388",9.5,2,2,10,123.2,12.3,"0.10%",2020,"RB"
28,"Gus Edwards (BAL)",144,"723",5,36,10,6,9,13,"129",14.3,0,1,16,119.2,7.5,"10.50%",2020,"RB"
29,"Wayne Gallman Jr. (FA)",147,"682",4.6,60,6,6,21,27,"114",5.4,0,0,15,115.6,7.7,"0.00%",2020,"RB"
30,"Chase Edmonds (TB)",97,"448",4.6,32,5,1,53,67,"402",7.6,4,0,16,115,7.2,"2.30%",2020,"RB"
31,"Darrell Henderson Jr. (FA)",138,"624",4.5,40,6,5,16,24,"159",9.9,1,0,15,114.3,7.6,"0.60%",2020,"RB"
32,"Latavius Murray (BUF)",146,"656",4.5,36,4,4,23,26,"176",7.7,1,0,15,113.2,7.5,"1.30%",2020,"RB"
33,"Adrian Peterson (FA)",156,"604",3.9,38,5,7,12,18,"101",8.4,0,0,16,112.5,7,"2.10%",2020,"RB"
34,"J.D. McKissic (FA)",85,"365",4.3,17,0,1,80,110,"589",7.4,2,1,16,111.4,7,"0.10%",2020,"RB"
35,"Austin Ekeler (LAC)",116,"530",4.6,27,2,1,54,65,"403",7.5,2,0,10,111.3,11.1,"100.00%",2020,"RB"
36,"Giovani Bernard (FA)",124,"416",3.4,15,0,3,47,59,"355",7.6,3,1,16,111.1,6.9,"0.00%",2020,"RB"
37,"Devin Singletary (HOU)",156,"687",4.4,51,6,2,38,50,"269",7.1,0,1,16,105.6,6.6,"47.90%",2020,"RB"
38,"Jamaal Williams (NO)",119,"505",4.2,25,1,2,31,35,"236",7.6,1,0,14,96.1,6.9,"88.00%",2020,"RB"
39,"Leonard Fournette (FA)",97,"367",3.8,46,5,6,36,47,"233",6.5,0,0,13,96,7.4,"15.90%",2020,"RB"
40,"Jerick McKinnon (KC)",81,"319",3.9,55,4,5,33,46,"253",7.7,1,0,16,93.2,5.8,"66.00%",2020,"RB"
41,"Tony Pollard (DAL)",101,"435",4.3,42,8,4,28,40,"193",6.9,1,0,16,92.8,5.8,"99.80%",2020,"RB"
42,"Cam Akers (LAR)",145,"625",4.3,61,10,2,11,14,"123",11.2,1,1,12,90.8,7.6,"93.20%",2020,"RB"
43,"Zack Moss (IND)",112,"481",4.3,31,5,4,14,18,"95",6.8,1,0,13,87.6,6.7,"2.20%",2020,"RB"
44,"Damien Harris (BUF)",137,"691",5,41,6,2,5,7,"52",10.4,0,0,10,86.3,8.6,"58.00%",2020,"RB"
45,"Malcolm Brown (FA)",101,"419",4.1,19,0,5,23,33,"162",7,0,1,16,86.1,5.4,"0.00%",2020,"RB"
46,"Frank Gore (FA)",187,"653",3.5,17,0,2,16,19,"89",5.6,0,1,15,84.2,5.6,"12.10%",2020,"RB"
47,"Raheem Mostert (MIA)",104,"521",5,80,6,2,16,19,"156",9.8,1,1,8,83.7,10.5,"60.80%",2020,"RB"
48,"Rex Burkhead (FA)",67,"274",4.1,18,0,3,25,33,"192",7.7,3,0,10,82.6,8.3,"5.10%",2020,"RB"
49,"Joe Mixon (CIN)",119,"428",3.6,34,4,3,21,26,"138",6.6,1,1,6,78.6,13.1,"98.70%",2020,"RB"
50,"Alexander Mattison (MIN)",96,"434",4.5,25,4,2,13,15,"125",9.6,1,0,13,73.9,5.7,"90.70%",2020,"RB"
51,"Christian McCaffrey (SF)",59,"225",3.8,15,0,5,17,19,"149",8.8,1,0,3,73.4,24.5,"100.00%",2020,"RB"
52,"Boston Scott (PHI)",80,"374",4.7,56,5,1,25,36,"212",8.5,1,0,16,70.6,4.4,"0.80%",2020,"RB"
53,"Brian Hill (FA)",100,"465",4.7,62,7,1,25,30,"199",8,0,1,16,70.4,4.4,"0.00%",2020,"RB"
54,"Carlos Hyde (FA)",81,"356",4.4,50,5,4,16,20,"93",5.8,0,0,10,68.9,6.9,"0.00%",2020,"RB"
55,"Devontae Booker (FA)",93,"423",4.5,43,6,3,17,21,"84",4.9,0,0,16,68.7,4.3,"0.00%",2020,"RB"
56,"Sony Michel (FA)",79,"449",5.7,48,7,1,7,9,"114",16.3,1,0,9,68.3,7.6,"0.10%",2020,"RB"
57,"James White (FA)",35,"121",3.5,10,0,2,49,62,"375",7.7,1,0,14,67.6,4.8,"0.10%",2020,"RB"
58,"Kalen Ballage (FA)",91,"303",3.3,17,0,3,29,37,"166",5.7,0,0,11,64.9,5.9,"0.00%",2020,"RB"
59,"Benny Snell Jr. (FA)",111,"368",3.3,30,4,4,10,14,"61",6.1,0,1,16,64.9,4.1,"2.00%",2020,"RB"
60,"Kyle Juszczyk (SF)",17,"64",3.8,10,0,2,19,29,"202",10.6,4,0,16,62.6,3.9,"0.40%",2020,"RB"
61,"Phillip Lindsay (FA)",118,"502",4.3,55,9,1,7,14,"28",4,0,0,11,59,5.4,"0.00%",2020,"RB"
62,"Le'Veon Bell (FA)",82,"328",4,16,0,2,16,20,"138",8.6,0,0,11,58.6,5.3,"0.10%",2020,"RB"
63,"Joshua Kelley (LAC)",111,"354",3.2,33,4,2,23,23,"148",6.4,0,2,14,58.2,4.2,"3.20%",2020,"RB"
64,"Salvon Ahmed (MIA)",75,"319",4.3,31,2,3,11,14,"61",5.5,0,0,6,58,9.7,"0.10%",2020,"RB"
65,"Duke Johnson Jr. (FA)",77,"235",3.1,23,1,1,28,35,"249",8.9,1,2,11,56.4,5.1,"0.00%",2020,"RB"
66,"Samaje Perine (DEN)",63,"301",4.8,46,3,3,11,12,"66",6,0,0,16,54.7,3.4,"83.20%",2020,"RB"
67,"Kerryon Johnson (FA)",52,"181",3.5,14,0,2,19,26,"187",9.8,1,1,16,52.8,3.3,"0.00%",2020,"RB"
68,"Peyton Barber (FA)",94,"258",2.7,15,0,4,4,7,"12",3,0,0,16,51,3.2,"1.00%",2020,"RB"
69,"Jordan Wilkins (FA)",84,"308",3.7,22,1,1,12,16,"105",8.8,0,0,15,49.3,3.3,"0.00%",2020,"RB"
70,"Ty Johnson (FA)",54,"254",4.7,34,2,1,16,21,"99",6.2,1,0,13,47.3,3.6,"0.10%",2020,"RB"
71,"Mark Ingram II (FA)",72,"299",4.2,30,3,2,6,8,"50",8.3,0,0,11,46.9,4.3,"0.10%",2020,"RB"
72,"Justin Jackson (FA)",59,"270",4.6,36,5,0,19,24,"173",9.1,0,0,9,46.3,5.1,"0.10%",2020,"RB"
73,"La'Mical Perine (KC)",64,"232",3.6,20,1,2,11,15,"63",5.7,0,0,10,41.5,4.2,"0.10%",2020,"RB"
74,"Ito Smith (FA)",63,"268",4.3,24,1,1,17,26,"75",4.4,0,0,14,40.3,2.9,"0.00%",2020,"RB"
75,"DeeJay Dallas (SEA)",34,"108",3.2,13,0,2,17,20,"111",6.5,1,0,12,39.9,3.3,"0.80%",2020,"RB"
76,"AJ Dillon (GB)",46,"242",5.3,30,3,2,2,2,"21",10.5,0,0,11,38.3,3.5,"88.10%",2020,"RB"
77,"Dion Lewis (FA)",29,"115",4,19,0,2,19,30,"127",6.7,1,2,16,38.2,2.4,"2.00%",2020,"RB"
78,"Alfred Morris (FA)",55,"238",4.3,20,1,1,3,4,"19",6.3,1,0,9,37.7,4.2,"0.00%",2020,"RB"
79,"Darrel Williams (FA)",39,"169",4.3,13,0,1,18,26,"116",6.4,0,0,16,36.5,2.3,"2.00%",2020,"RB"
80,"Matt Breida (NYG)",59,"254",4.3,24,1,0,9,10,"96",10.7,0,1,12,33,2.8,"0.90%",2020,"RB"
81,"Jalen Richard (FA)",22,"123",5.6,20,1,1,19,23,"138",7.3,0,0,13,32.1,2.5,"1.00%",2020,"RB"
82,"Jeremy McNichols (FA)",47,"204",4.3,20,1,1,12,17,"55",4.6,0,0,16,31.9,2,"0.00%",2020,"RB"
83,"Josh Adams (FA)",29,"157",5.4,25,1,2,6,8,"29",4.8,0,0,8,30.6,3.8,"0.00%",2020,"RB"
84,"Jordan Howard (FA)",35,"60",1.7,11,0,4,1,1,"-3",-3,0,0,7,29.7,4.2,"0.00%",2020,"RB"
85,"Devonta Freeman (FA)",54,"172",3.2,14,0,1,7,10,"58",8.3,0,0,5,29,5.8,"0.00%",2020,"RB"
86,"Rodney Smith (FA)",41,"156",3.8,13,0,1,9,11,"59",6.6,0,0,7,27.5,3.9,"0.00%",2020,"RB"
87,"Darwin Thompson (FA)",27,"97",3.6,14,0,1,7,11,"65",9.3,1,1,13,26.2,2,"0.00%",2020,"RB"
88,"Royce Freeman (LAR)",35,"170",4.9,23,2,0,12,13,"81",6.8,0,0,16,25.1,1.6,"1.00%",2020,"RB"
89,"JaMycal Hasty (JAC)",39,"148",3.8,20,1,1,7,8,"33",4.7,0,0,8,24.1,3,"0.80%",2020,"RB"
90,"Travis Homer (CHI)",25,"88",3.5,12,0,0,9,10,"90",10,1,0,9,23.8,2.6,"0.30%",2020,"RB"
91,"Chris Thompson (FA)",7,"20",2.9,5,0,0,20,23,"146",7.3,1,0,8,22.6,2.8,"0.00%",2020,"RB"
92,"Ameer Abdullah (LV)",8,"42",5.3,13,0,0,8,9,"58",7.3,2,0,16,22,1.4,"0.50%",2020,"RB"
93,"Antonio Williams (FA)",12,"63",5.3,18,0,2,1,1,"20",20,0,0,1,20.3,20.3,"0.00%",2020,"RB"
94,"Alex Collins (FA)",18,"77",4.3,13,0,2,1,2,"4",4,0,0,3,20.1,6.7,"19.00%",2020,"RB"
95,"Dare Ogunbowale (HOU)",32,"145",4.5,25,1,0,10,20,"54",5.4,0,0,14,19.9,1.4,"0.10%",2020,"RB"
96,"Ke'Shawn Vaughn (TB)",26,"109",4.2,19,0,0,5,10,"34",6.8,1,1,10,18.3,1.8,"0.70%",2020,"RB"
97,"D'Ernest Johnson (JAC)",33,"166",5,28,3,0,3,4,"14",4.7,0,0,16,18,1.1,"0.60%",2020,"RB"
98,"C.J. Ham (MIN)",5,"18",3.6,10,0,0,8,14,"97",12.1,1,0,15,17.5,1.2,"0.10%",2020,"RB"
99,"Alec Ingold (MIA)",3,"4",1.3,3,0,0,12,17,"110",9.2,1,0,16,17.4,1.1,"0.10%",2020,"RB"
100,"Trayveon Williams (CIN)",26,"157",6,55,4,0,5,5,"30",6,0,1,10,16.7,1.7,"0.70%",2020,"RB"
101,"Anthony McFarland Jr. (PIT)",33,"113",3.4,20,1,0,6,10,"54",9,0,0,11,16.7,1.5,"0.20%",2020,"RB"
102,"D'Onta Foreman (CHI)",22,"95",4.3,15,0,0,1,1,"5",5,1,0,6,16,2.7,"35.80%",2020,"RB"
103,"Corey Clement (ARI)",21,"75",3.6,7,0,1,5,6,"25",5,0,0,15,16,1.1,"0.20%",2020,"RB"
104,"Gabe Nabers (FA)",2,"7",3.5,4,0,0,5,7,"25",5,2,0,16,15.2,1,"0.00%",2020,"RB"
105,"T.J. Yeldon (FA)",10,"70",7,34,2,0,1,4,"22",22,1,0,3,15.2,5.1,"0.00%",2020,"RB"
106,"Tyler Ervin (FA)",13,"67",5.2,21,1,0,11,15,"84",7.6,0,0,8,15.1,1.9,"0.00%",2020,"RB"
107,"Reggie Bonnafon (FA)",12,"69",5.8,22,1,0,2,2,"18",9,1,0,2,14.7,7.4,"0.00%",2020,"RB"
108,"Darrynton Evans (BUF)",14,"54",3.9,9,0,0,2,4,"27",13.5,1,0,5,14.1,2.8,"0.00%",2020,"RB"
109,"LeSean McCoy (FA)",10,"31",3.1,14,0,0,15,19,"101",6.7,0,0,10,13.2,1.3,"2.00%",2020,"RB"
110,"Mike Boone (HOU)",11,"59",5.4,19,0,1,2,2,"10",5,0,0,16,12.9,0.8,"0.20%",2020,"RB"
111,"Ty Montgomery (NE)",19,"101",5.3,36,2,0,3,6,"27",9,0,0,6,12.8,2.1,"0.70%",2020,"RB"
112,"Ryan Nall (FA)",3,"0",0,0,0,0,8,9,"67",8.4,1,0,15,12.7,0.8,"0.00%",2020,"RB"
113,"DeAndre Washington (FA)",31,"91",2.9,16,0,0,5,10,"30",6,0,0,4,12.1,3,"11.00%",2020,"RB"
114,"Patrick Laird (TB)",13,"72",5.5,17,0,0,10,12,"68",6.8,0,1,16,12,0.8,"0.00%",2020,"RB"
115,"Troymaine Pope (FA)",15,"76",5.1,26,1,0,8,10,"42",5.3,0,0,6,11.8,2,"0.00%",2020,"RB"
116,"Tarik Cohen (FA)",14,"74",5.3,17,0,0,6,9,"41",6.8,0,0,3,11.5,3.8,"0.00%",2020,"RB"
117,"J.J. Taylor (NE)",23,"110",4.8,28,1,0,1,2,"4",4,0,0,6,11.4,1.9,"0.10%",2020,"RB"
118,"Jakob Johnson (LV)",0,"0",0,0,0,0,8,9,"35",4.4,1,0,16,9.5,0.6,"0.00%",2020,"RB"
119,"Artavis Pierce (FA)",6,"34",5.7,23,1,1,0,0,"0",0,0,0,5,9.4,1.9,"0.00%",2020,"RB"
120,"Saquon Barkley (NYG)",19,"34",1.8,18,0,0,6,9,"60",10,0,0,2,9.4,4.7,"99.90%",2020,"RB"
121,"Tevin Coleman (FA)",28,"53",1.9,12,0,0,4,5,"34",8.5,0,0,8,8.7,1.1,"0.00%",2020,"RB"
122,"Patrick Ricard (BAL)",1,"-1",-1,0,0,0,9,12,"45",5,1,1,15,8.4,0.6,"0.10%",2020,"RB"
123,"Justice Hill (BAL)",12,"60",5,19,0,0,5,5,"20",4,0,0,12,8,0.7,"0.20%",2020,"RB"
124,"C.J. Prosise (FA)",10,"19",1.9,7,0,0,5,5,"18",3.6,1,1,10,7.7,0.8,"0.00%",2020,"RB"
125,"Reggie Gilliam (BUF)",0,"0",0,0,0,0,2,2,"16",8,1,0,14,7.6,0.5,"0.10%",2020,"RB"
126,"Jaylen Samuels (FA)",9,"28",3.1,6,0,0,9,14,"46",5.1,0,0,14,7.4,0.5,"0.00%",2020,"RB"
127,"Anthony Sherman (FA)",3,"8",2.7,6,0,0,1,2,"5",5,1,0,12,7.3,0.6,"0.00%",2020,"RB"
128,"Jonathan Ward (TEN)",0,"0",0,0,0,0,1,1,"11",11,1,0,14,7.1,0.5,"0.00%",2020,"RB"
129,"Buddy Howell (FA)",16,"64",4,9,0,0,1,2,"3",3,0,0,14,6.7,0.5,"0.00%",2020,"RB"
130,"Keith Smith (ATL)",4,"7",1.8,3,0,0,11,15,"59",5.4,0,0,16,6.6,0.4,"0.10%",2020,"RB"
131,"Theo Riddick (FA)",6,"14",2.3,11,0,0,5,6,"43",8.6,0,0,5,5.7,1.1,"0.00%",2020,"RB"
132,"Marlon Mack (FA)",4,"26",6.5,18,0,0,3,3,"30",10,0,0,1,5.6,5.6,"6.00%",2020,"RB"
133,"Dontrell Hilliard (FA)",9,"48",5.3,19,0,0,1,1,"2",2,0,0,7,5,0.7,"0.10%",2020,"RB"
134,"Trenton Cannon (FA)",10,"33",3.3,13,0,0,3,3,"16",5.3,0,0,14,4.9,0.4,"0.00%",2020,"RB"
135,"Michael Burton (DEN)",7,"18",2.6,7,0,0,4,4,"28",7,0,0,15,4.6,0.3,"0.00%",2020,"RB"
136,"Devine Ozigbo (FA)",1,"1",1,1,0,0,9,9,"42",4.7,0,0,8,4.3,0.5,"0.00%",2020,"RB"
137,"Khari Blasingame (CHI)",0,"0",0,0,0,0,4,5,"39",9.8,0,0,15,3.9,0.3,"0.00%",2020,"RB"
138,"Elijhaa Penny (FA)",6,"15",2.5,5,0,0,2,3,"20",10,0,0,14,3.5,0.3,"0.00%",2020,"RB"
139,"Rashaad Penny (PHI)",11,"34",3.1,7,0,0,0,0,"0",0,0,0,3,3.4,1.1,"85.00%",2020,"RB"
140,"Bo Scarbrough (FA)",6,"31",5.2,12,0,0,0,0,"0",0,0,0,1,3.1,3.1,"0.00%",2020,"RB"
141,"Austin Walter (LV)",1,"3",3,3,0,0,1,1,"27",27,0,0,4,3,0.8,"0.00%",2020,"RB"
142,"Alex Armah Jr. (WAS)",6,"9",1.5,3,0,0,5,9,"18",3.6,0,0,16,2.7,0.2,"0.00%",2020,"RB"
143,"Rico Dowdle (DAL)",7,"24",3.4,7,0,0,0,0,"0",0,0,0,15,2.4,0.2,"0.00%",2020,"RB"
144,"Jason Huntley (FA)",5,"19",3.8,10,0,0,1,2,"0",0,0,0,5,1.9,0.4,"0.10%",2020,"RB"
145,"Andy Janovich (FA)",2,"4",2,2,0,0,2,5,"13",6.5,0,0,14,1.7,0.1,"0.00%",2020,"RB"
146,"LeVante Bellamy (FA)",4,"11",2.8,8,0,0,1,1,"5",5,0,0,5,1.6,0.3,"0.00%",2020,"RB"
147,"Scottie Phillips (FA)",2,"9",4.5,5,0,0,1,1,"7",7,0,0,8,1.6,0.2,"0.00%",2020,"RB"
148,"Dwayne Washington (FA)",8,"15",1.9,5,0,0,0,0,"0",0,0,0,11,1.5,0.1,"0.00%",2020,"RB"
149,"Tony Jones Jr. (DEN)",3,"13",4.3,6,0,0,0,0,"0",0,0,0,1,1.3,1.3,"0.40%",2020,"RB"
150,"Chandler Cox (FA)",0,"0",0,0,0,0,2,2,"9",4.5,0,0,8,0.9,0.1,"0.00%",2020,"RB"
151,"D.J. Foster (FA)",2,"2",1,2,0,0,1,1,"7",7,0,0,10,0.9,0.1,"0.00%",2020,"RB"
152,"Senorise Perry (FA)",2,"9",4.5,6,0,0,0,0,"0",0,0,0,7,0.9,0.1,"0.00%",2020,"RB"
153,"Dexter Williams (FA)",2,"8",4,5,0,0,0,0,"0",0,0,0,3,0.8,0.3,"0.00%",2020,"RB"
154,"Craig Reynolds (DET)",1,"4",4,4,0,0,1,1,"3",3,0,0,2,0.7,0.4,"0.30%",2020,"RB"
155,"Cullen Gillaspia (FA)",0,"0",0,0,0,0,1,1,"6",6,0,0,7,0.6,0.1,"0.00%",2020,"RB"
156,"Jonathan Williams (WAS)",1,"5",5,5,0,0,4,4,"21",5.3,0,1,5,0.6,0.1,"0.20%",2020,"RB"
157,"Lamar Miller (FA)",0,"0",0,0,0,0,2,2,"6",3,0,0,1,0.6,0.6,"0.00%",2020,"RB"
158,"Tony Brooks-James (FA)",3,"4",1.3,4,0,0,0,0,"0",0,0,0,1,0.4,0.4,"0.00%",2020,"RB"
159,"Qadree Ollison (JAC)",1,"3",3,3,0,0,0,0,"0",0,0,0,3,0.3,0.1,"0.00%",2020,"RB"
160,"Xavier Jones (FA)",0,"0",0,0,0,0,0,0,"0",0,0,0,13,0,0,"0.00%",2020,"RB"
161,"Darius Bradwell (FA)",0,"0",0,0,0,0,0,0,"0",0,0,0,2,0,0,"0.00%",2020,"RB"
162,"Raymond Calais (FA)",0,"0",0,0,0,0,0,0,"0",0,0,0,4,0,0,"0.00%",2020,"RB"
163,"Javon Leake (FA)",0,"0",0,0,0,0,0,0,"0",0,0,0,1,0,0,"0.00%",2020,"RB"
164,"Kirk Merritt (NO)",0,"0",0,0,0,0,0,0,"0",0,0,0,1,0,0,"0.00%",2020,"RB"
165,"Sewo Olonilua (FA)",0,"0",0,0,0,0,0,0,"0",0,0,0,2,0,0,"0.00%",2020,"RB"
166,"John Lovett (MIA)",3,"6",2,4,0,0,0,0,"0",0,0,0,8,0,0,"0.00%",2020,"RB"
167,"Andrew Beck (HOU)",0,"0",0,0,0,0,0,0,"0",0,0,0,10,0,0,"0.00%",2020,"RB"
168,"Jeremy Cox (FA)",0,"0",0,0,0,0,0,0,"0",0,0,0,7,0,0,"0.00%",2020,"RB"
169,"Michael Warren II (FA)",0,"0",0,0,0,0,0,0,"0",0,0,0,1,0,0,"0.00%",2020,"RB"
170,"Chris Myarick (NYG)",0,"0",0,0,0,0,0,0,"0",0,0,0,3,0,0,"0.00%",2020,"RB"
171,"Jake Bargas (NO)",0,"0",0,0,0,0,0,0,"0",0,0,0,1,0,0,"0.00%",2020,"RB"
172,"Nathan Cottrell (FA)",0,"0",0,0,0,0,0,0,"0",0,0,0,8,0,0,"0.00%",2020,"RB"
173,"Nick Bellore (SEA)",1,"5",5,5,0,0,1,1,"9",9,0,0,16,0,0,"36.00%",2020,"RB"
174,"Bruce Miller (FA)",0,"0",0,0,0,0,1,2,"2",2,0,0,8,0,0,"0.00%",2020,"RB"
175,"Taiwan Jones (FA)",0,"0",0,0,0,0,0,2,"0",0,0,0,13,0,0,"0.00%",2020,"RB"
176,"Cordarrelle Patterson (ATL)",64,"232",3.6,13,0,1,21,25,"132",6.3,0,0,16,0,0,"16.30%",2020,"RB"
177,"Kenjon Barner (FA)",0,"0",0,0,0,0,0,1,"0",0,0,0,6,0,0,"0.00%",2020,"RB"
178,"Derek Watt (FA)",0,"0",0,0,0,0,0,0,"0",0,0,0,12,0,0,"0.10%",2020,"RB"
179,"Brandin Bryant (NYG)",0,"0",0,0,0,0,0,0,"0",0,0,0,1,0,0,"0.10%",2020,"RB"
180,"J.P. Holtz (FA)",0,"0",0,0,0,0,0,1,"0",0,0,0,16,0,0,"0.00%",2020,"RB"
181,"Johnny Stanton IV (FA)",0,"0",0,0,0,0,0,0,"0",0,0,0,1,0,0,"0.00%",2020,"RB"
182,"Elijah Holyfield (FA)",0,"0",0,0,0,0,0,0,"0",0,0,0,1,0,0,"0.00%",2020,"RB"
183,"Trey Edmunds (FA)",0,"0",0,0,0,0,0,0,"0",0,0,0,4,0,0,"0.00%",2020,"RB"
184,"Jason Cabinda (DET)",1,"0",0,0,0,0,2,3,"8",4,0,0,16,0,0,"0.00%",2020,"RB"
185,"Wendell Smallwood (FA)",0,"0",0,0,0,0,0,0,"0",0,0,0,1,0,0,"0.00%",2020,"RB"
186,"Adrian Killins Jr. (FA)",1,"-12",-12,0,0,0,1,1,"2",2,0,0,1,-1,-1,"0.00%",2020,"RB"
1,"Christian McCaffrey (SF)",287,"1,387",4.8,84,18,15,116,142,"1,005",8.7,4,0,16,355.2,22.2,"100.00%",2019,"RB"
2,"Derrick Henry (TEN)",303,"1,540",5.1,74,20,16,18,24,"206",11.4,2,3,15,276.6,18.4,"99.90%",2019,"RB"
3,"Aaron Jones (GB)",236,"1,084",4.6,56,10,16,49,68,"474",9.7,3,2,16,265.8,16.6,"98.50%",2019,"RB"
4,"Ezekiel Elliott (FA)",301,"1,357",4.5,33,7,12,54,71,"420",7.8,2,2,16,257.7,16.1,"47.40%",2019,"RB"
5,"Dalvin Cook (FA)",250,"1,135",4.5,75,12,13,53,63,"519",9.8,0,2,14,239.4,17.1,"93.10%",2019,"RB"
6,"Nick Chubb (CLE)",298,"1,494",5,88,24,8,36,49,"278",7.7,0,3,16,219.2,13.7,"99.90%",2019,"RB"
7,"Austin Ekeler (LAC)",132,"557",4.2,35,5,3,92,108,"993",10.8,8,2,16,217,13.6,"100.00%",2019,"RB"
8,"Mark Ingram II (FA)",202,"1,018",5,53,11,10,26,29,"247",9.5,5,2,15,216.5,14.4,"0.10%",2019,"RB"
9,"Chris Carson (FA)",278,"1,230",4.4,59,11,7,37,47,"266",7.2,2,4,15,195.6,13,"0.30%",2019,"RB"
10,"Saquon Barkley (NYG)",217,"1,003",4.6,68,18,6,52,73,"438",8.4,2,0,13,192.1,14.8,"99.90%",2019,"RB"
11,"Joe Mixon (CIN)",278,"1,137",4.1,41,9,5,35,45,"287",8.2,3,0,16,190.4,11.9,"98.70%",2019,"RB"
12,"Todd Gurley II (FA)",223,"857",3.8,25,5,12,31,49,"207",6.7,2,2,15,188.4,12.6,"0.10%",2019,"RB"
13,"Leonard Fournette (FA)",265,"1,152",4.3,81,18,3,76,100,"522",6.9,0,1,15,183.4,12.2,"15.90%",2019,"RB"
14,"Josh Jacobs (LV)",242,"1,150",4.8,51,14,7,20,27,"166",8.3,0,1,13,171.6,13.2,"99.90%",2019,"RB"
15,"Miles Sanders (CAR)",179,"818",4.6,65,13,3,50,63,"509",10.2,3,1,16,168.7,10.5,"95.80%",2019,"RB"
16,"Alvin Kamara (NO)",171,"797",4.7,40,8,5,81,97,"533",6.6,1,1,14,167.5,12,"92.90%",2019,"RB"
17,"Marlon Mack (FA)",247,"1,091",4.4,63,14,8,14,17,"82",5.9,0,0,14,167.3,12,"6.00%",2019,"RB"
18,"Kenyan Drake (FA)",170,"817",4.8,80,8,8,50,68,"345",6.9,0,1,14,164.2,11.7,"0.60%",2019,"RB"
19,"Phillip Lindsay (FA)",224,"1,011",4.5,40,12,7,35,48,"196",5.6,0,0,16,162.7,10.2,"0.00%",2019,"RB"
20,"Raheem Mostert (MIA)",137,"772",5.6,41,7,8,14,22,"180",12.9,2,2,16,151.2,9.5,"60.80%",2019,"RB"
21,"Le'Veon Bell (FA)",245,"789",3.2,19,0,3,66,78,"461",7,1,1,15,149,9.9,"0.10%",2019,"RB"
22,"David Montgomery (DET)",242,"889",3.7,55,6,6,25,35,"185",7.4,1,2,16,145.4,9.1,"91.70%",2019,"RB"
23,"Carlos Hyde (FA)",245,"1,070",4.4,58,16,6,10,16,"42",4.2,0,2,16,143.2,9,"0.00%",2019,"RB"
24,"Sony Michel (FA)",247,"912",3.7,26,3,7,12,20,"94",7.8,0,1,16,140.6,8.8,"0.10%",2019,"RB"
25,"Melvin Gordon III (BAL)",162,"612",3.8,24,2,8,42,55,"296",7,1,3,12,138.8,11.6,"1.40%",2019,"RB"
26,"Devonta Freeman (FA)",184,"656",3.6,28,3,2,59,70,"410",6.9,4,2,14,138.6,9.9,"0.00%",2019,"RB"
27,"Ronald Jones II (DAL)",172,"724",4.2,49,9,6,31,40,"309",10,0,2,16,135.3,8.5,"1.70%",2019,"RB"
28,"Adrian Peterson (FA)",211,"898",4.3,32,7,5,17,23,"142",8.4,0,2,16,130,8.1,"2.10%",2019,"RB"
29,"James White (FA)",67,"263",3.9,32,2,1,72,95,"645",9,5,1,15,128.2,8.5,"0.10%",2019,"RB"
30,"Latavius Murray (BUF)",146,"637",4.4,30,4,5,34,43,"235",6.9,1,0,16,123.2,7.7,"1.30%",2019,"RB"
31,"Devin Singletary (HOU)",151,"775",5.1,38,8,2,29,41,"194",6.7,2,1,12,118.9,9.9,"47.90%",2019,"RB"
32,"Tevin Coleman (FA)",137,"544",4,48,7,6,21,30,"180",8.6,1,0,14,114.4,8.2,"0.00%",2019,"RB"
33,"James Conner (ARI)",116,"464",4,25,2,4,34,38,"251",7.4,3,1,10,111.5,11.2,"93.80%",2019,"RB"
34,"Damien Williams (FA)",111,"498",4.5,91,8,5,30,37,"213",7.1,2,1,11,111.1,10.1,"0.00%",2019,"RB"
35,"Duke Johnson Jr. (FA)",83,"410",4.9,40,6,2,44,62,"410",9.3,3,1,16,110,6.9,"0.00%",2019,"RB"
36,"Jamaal Williams (NO)",107,"456",4.3,45,3,1,39,45,"253",6.5,5,0,14,106.9,7.6,"88.00%",2019,"RB"
37,"David Johnson (FA)",94,"345",3.7,18,0,2,36,47,"370",10.3,4,1,13,105.5,8.1,"0.00%",2019,"RB"
38,"Jordan Howard (FA)",119,"525",4.4,20,1,6,10,14,"69",6.9,1,0,10,101.4,10.1,"0.00%",2019,"RB"
39,"Peyton Barber (FA)",154,"470",3.1,17,0,6,16,24,"115",7.2,1,1,16,100.5,6.3,"1.00%",2019,"RB"
40,"Royce Freeman (LAR)",132,"496",3.8,26,1,3,43,50,"256",6,1,0,16,99.2,6.2,"1.00%",2019,"RB"
41,"LeSean McCoy (FA)",101,"465",4.6,39,6,4,28,34,"181",6.5,1,2,13,90.6,7,"2.00%",2019,"RB"
42,"DeAndre Washington (FA)",108,"387",3.6,36,2,3,36,41,"292",8.1,0,0,16,85.9,5.4,"11.00%",2019,"RB"
43,"Gus Edwards (BAL)",133,"711",5.3,63,9,2,7,7,"45",6.4,0,1,16,85.6,5.4,"10.50%",2019,"RB"
44,"Tarik Cohen (FA)",64,"213",3.3,19,0,0,79,104,"456",5.8,3,0,16,84.9,5.3,"0.00%",2019,"RB"
45,"Matt Breida (NYG)",123,"623",5.1,83,9,1,19,22,"120",6.3,1,1,13,84.3,6.5,"0.90%",2019,"RB"
46,"Frank Gore (FA)",166,"599",3.6,41,6,2,13,16,"100",7.7,0,0,16,81.9,5.1,"12.10%",2019,"RB"
47,"Kerryon Johnson (FA)",113,"403",3.6,20,1,3,10,15,"127",12.7,1,1,8,75,9.4,"0.00%",2019,"RB"
48,"Tony Pollard (DAL)",86,"455",5.3,44,7,2,15,20,"107",7.1,1,1,15,74.2,4.9,"99.80%",2019,"RB"
49,"Rex Burkhead (FA)",65,"302",4.6,33,2,3,27,38,"279",10.3,0,1,13,74.1,5.7,"5.10%",2019,"RB"
50,"Nyheim Hines (BUF)",52,"199",3.8,18,0,2,44,58,"320",7.3,0,1,16,73.9,4.6,"1.80%",2019,"RB"
51,"Boston Scott (PHI)",61,"245",4,25,1,5,24,26,"204",8.5,0,1,11,72.9,6.6,"0.80%",2019,"RB"
52,"Chase Edmonds (TB)",60,"303",5.1,37,5,4,12,21,"105",8.8,1,0,13,70.8,5.4,"2.30%",2019,"RB"
53,"Rashaad Penny (PHI)",65,"370",5.7,58,8,3,8,11,"83",10.4,1,1,10,67.3,6.7,"85.00%",2019,"RB"
54,"Kareem Hunt (FA)",43,"179",4.2,16,0,2,37,44,"285",7.7,1,0,9,64.4,7.2,"11.20%",2019,"RB"
55,"Alexander Mattison (MIN)",100,"462",4.6,35,5,1,10,12,"82",8.2,0,1,13,58.4,4.5,"90.70%",2019,"RB"
56,"Jaylen Samuels (FA)",66,"175",2.7,13,0,1,47,57,"305",6.5,1,1,14,58.4,4.2,"0.00%",2019,"RB"
57,"Brian Hill (FA)",78,"323",4.1,27,2,2,10,14,"69",6.9,1,0,12,57.2,4.8,"0.00%",2019,"RB"
58,"Malcolm Brown (FA)",69,"255",3.7,17,0,5,2,6,"16",8,0,0,14,57.1,4.1,"0.00%",2019,"RB"
59,"Benny Snell Jr. (FA)",108,"426",3.9,23,3,2,3,4,"23",7.7,0,1,13,54.9,4.2,"2.00%",2019,"RB"
60,"Darrel Williams (FA)",41,"141",3.4,41,3,3,15,20,"167",11.1,1,1,12,52.8,4.4,"2.00%",2019,"RB"
61,"Chris Thompson (FA)",37,"138",3.7,16,0,0,42,58,"378",9,0,0,11,51.6,4.7,"0.00%",2019,"RB"
62,"Derrius Guice (FA)",42,"245",5.8,60,7,2,7,9,"79",11.3,1,0,5,50.4,10.1,"1.10%",2019,"RB"
63,"J.D. McKissic (FA)",38,"205",5.4,44,4,0,34,42,"233",6.9,1,0,16,49.8,3.1,"0.10%",2019,"RB"
64,"Mike Boone (HOU)",49,"273",5.6,59,8,3,3,4,"17",5.7,0,0,16,47,2.9,"0.20%",2019,"RB"
65,"Jordan Wilkins (FA)",51,"307",6,55,6,2,7,11,"43",6.1,0,0,14,47,3.4,"0.00%",2019,"RB"
66,"Jalen Richard (FA)",39,"145",3.7,13,0,0,36,43,"323",9,0,0,16,46.8,2.9,"1.00%",2019,"RB"
67,"Patrick Laird (TB)",62,"168",2.7,18,0,1,23,30,"204",8.9,0,0,15,45.2,3,"0.00%",2019,"RB"
68,"Jeff Wilson Jr. (MIA)",27,"105",3.9,25,1,4,3,5,"34",11.3,1,0,11,43.9,4,"62.80%",2019,"RB"
69,"Bo Scarbrough (FA)",89,"377",4.2,30,3,1,1,4,"5",5,0,1,6,42.2,7,"0.00%",2019,"RB"
70,"Brandon Bolden (LV)",15,"68",4.5,21,1,3,9,11,"111",12.3,1,0,15,41.9,2.8,"0.20%",2019,"RB"
71,"Justice Hill (BAL)",58,"225",3.9,18,0,2,8,15,"70",8.8,0,0,16,41.5,2.6,"0.20%",2019,"RB"
72,"Dion Lewis (FA)",54,"210",3.9,17,0,0,25,32,"164",6.6,1,1,16,41.4,2.6,"2.00%",2019,"RB"
73,"Dare Ogunbowale (HOU)",11,"17",1.5,12,0,2,35,46,"286",8.2,0,1,16,40.3,2.5,"0.10%",2019,"RB"
74,"Giovani Bernard (FA)",53,"170",3.2,25,1,0,30,43,"234",7.8,0,1,16,38.4,2.4,"0.00%",2019,"RB"
75,"Kalen Ballage (FA)",74,"135",1.8,8,0,3,14,24,"63",4.5,0,0,12,37.8,3.2,"0.00%",2019,"RB"
76,"Wayne Gallman Jr. (FA)",29,"110",3.8,22,1,2,11,16,"102",9.3,1,1,10,37.2,3.7,"0.00%",2019,"RB"
77,"Ryquell Armstead (FA)",35,"108",3.1,16,0,0,14,24,"144",10.3,2,0,16,37.2,2.3,"0.00%",2019,"RB"
78,"Ty Johnson (FA)",63,"273",4.3,40,3,0,24,31,"109",4.5,0,1,16,36.2,2.3,"0.10%",2019,"RB"
79,"Jonathan Williams (WAS)",49,"235",4.8,48,3,1,5,5,"59",11.8,0,0,9,35.4,3.9,"0.20%",2019,"RB"
80,"Kyle Juszczyk (SF)",3,"7",2.3,6,0,0,20,24,"239",12,1,0,12,30.6,2.6,"0.40%",2019,"RB"
81,"Qadree Ollison (JAC)",22,"50",2.3,6,0,4,1,2,"7",7,0,0,8,29.7,3.7,"0.00%",2019,"RB"
82,"Mark Walton (FA)",53,"201",3.8,19,0,0,15,21,"89",5.9,0,1,7,27,3.9,"2.00%",2019,"RB"
83,"Bilal Powell (FA)",59,"229",3.9,17,0,0,7,12,"33",4.7,0,0,14,26.2,1.9,"0.00%",2019,"RB"
84,"Dontrell Hilliard (FA)",13,"49",3.8,11,0,2,12,15,"92",7.7,0,0,14,26.1,1.9,"0.10%",2019,"RB"
85,"Ito Smith (FA)",22,"106",4.8,28,1,1,11,14,"87",7.9,0,0,7,25.3,3.6,"0.00%",2019,"RB"
86,"Myles Gaskin (MIA)",36,"133",3.7,27,1,1,7,12,"51",7.3,0,0,7,24.4,3.5,"0.10%",2019,"RB"
87,"Ameer Abdullah (LV)",23,"115",5,15,0,0,15,21,"88",5.9,1,1,16,24.3,1.5,"0.50%",2019,"RB"
88,"Reggie Bonnafon (FA)",16,"116",7.3,59,4,1,6,10,"57",9.5,0,0,16,23.3,1.5,"0.00%",2019,"RB"
89,"Darwin Thompson (FA)",37,"128",3.5,12,0,1,9,10,"43",4.8,0,0,12,23.1,1.9,"0.00%",2019,"RB"
90,"Justin Jackson (FA)",29,"200",6.9,40,5,0,9,11,"22",2.4,0,0,7,22.2,3.2,"0.10%",2019,"RB"
91,"C.J. Ham (MIN)",7,"17",2.4,9,0,0,17,26,"149",8.8,1,1,16,20.6,1.3,"0.10%",2019,"RB"
92,"Ty Montgomery (NE)",32,"103",3.2,15,0,0,13,17,"90",6.9,0,0,16,19.3,1.2,"0.70%",2019,"RB"
93,"C.J. Prosise (FA)",23,"72",3.1,17,0,1,10,12,"76",7.6,0,1,9,18.8,2.1,"0.00%",2019,"RB"
94,"Darrell Henderson Jr. (FA)",39,"147",3.8,22,1,0,4,6,"37",9.3,0,0,13,18.4,1.4,"0.60%",2019,"RB"
95,"Travis Homer (CHI)",18,"114",6.3,29,1,0,11,13,"56",5.1,0,0,16,17,1.1,"0.30%",2019,"RB"
96,"T.J. Yeldon (FA)",17,"63",3.7,12,0,0,13,15,"124",9.5,0,1,6,16.7,2.8,"0.00%",2019,"RB"
97,"Wendell Smallwood (FA)",22,"81",3.7,17,0,0,9,13,"64",7.1,0,0,15,14.5,1,"0.00%",2019,"RB"
98,"Wes Hills (FA)",10,"21",2.1,15,0,2,2,2,"1",0.5,0,0,1,14.2,14.2,"0.00%",2019,"RB"
99,"Trey Edmunds (FA)",22,"92",4.2,45,3,0,6,7,"48",8,0,0,12,14,1.2,"0.00%",2019,"RB"
100,"Kerrith Whyte Jr. (FA)",24,"122",5.1,21,1,0,1,1,"9",9,0,0,6,13.1,2.2,"0.00%",2019,"RB"
101,"Alec Ingold (MIA)",10,"17",1.7,4,0,0,6,6,"44",7.3,1,0,16,12.1,0.8,"0.10%",2019,"RB"
102,"Darren Sproles (FA)",17,"66",3.9,17,0,0,6,10,"24",4,0,0,6,11,1.8,"0.10%",2019,"RB"
103,"Patrick Ricard (BAL)",0,"0",0,0,0,0,8,11,"47",5.9,1,0,16,10.7,0.7,"0.10%",2019,"RB"
104,"Javorius Allen (FA)",10,"36",3.6,19,0,1,1,2,"9",9,0,0,11,10.5,1,"0.10%",2019,"RB"
105,"Andy Janovich (FA)",1,"1",1,1,0,1,5,5,"42",8.4,0,0,8,10.3,1.3,"0.00%",2019,"RB"
106,"Derek Watt (FA)",7,"10",1.4,3,0,1,3,5,"32",10.7,0,0,16,10.2,0.6,"0.10%",2019,"RB"
107,"Danny Vitale (FA)",1,"3",3,3,0,0,7,12,"97",13.9,0,0,15,10,0.7,"0.00%",2019,"RB"
108,"Marshawn Lynch (FA)",12,"34",2.8,15,0,1,0,0,"0",0,0,0,2,9.4,4.7,"0.30%",2019,"RB"
109,"D'Ernest Johnson (JAC)",4,"21",5.3,13,0,0,6,7,"71",11.8,0,0,16,9.2,0.6,"0.60%",2019,"RB"
110,"Kenjon Barner (FA)",4,"28",7,12,0,0,6,8,"22",3.7,0,1,14,9.1,0.7,"0.00%",2019,"RB"
111,"Alex Armah Jr. (WAS)",6,"11",1.8,4,0,1,2,2,"6",3,0,0,16,7.7,0.5,"0.00%",2019,"RB"
112,"Troymaine Pope (FA)",10,"20",2,8,0,0,2,3,"14",7,1,1,14,7.4,0.5,"0.00%",2019,"RB"
113,"Spencer Ware (FA)",17,"51",3,6,0,0,5,7,"22",4.4,0,0,3,7.3,2.4,"0.00%",2019,"RB"
114,"Tra Carson (FA)",18,"48",2.7,12,0,0,4,4,"18",4.5,0,0,4,6.6,1.7,"0.00%",2019,"RB"
115,"Dwayne Washington (FA)",8,"60",7.5,31,2,0,1,1,"6",6,0,0,16,6.6,0.4,"0.00%",2019,"RB"
116,"Devontae Booker (FA)",2,"9",4.5,5,0,0,6,9,"57",9.5,0,0,16,6.6,0.4,"0.00%",2019,"RB"
117,"Zach Line (FA)",7,"20",2.9,5,0,0,6,10,"36",6,0,0,12,5.6,0.5,"0.00%",2019,"RB"
118,"Khari Blasingame (CHI)",0,"0",0,0,0,0,4,5,"54",13.5,0,0,6,5.4,0.9,"0.00%",2019,"RB"
119,"Jon Hilliman (FA)",30,"91",3,10,0,0,3,4,"1",0.3,0,2,3,5.2,1.7,"0.00%",2019,"RB"
120,"Devine Ozigbo (FA)",9,"27",3,9,0,0,3,5,"23",7.7,0,0,10,5,0.5,"0.00%",2019,"RB"
121,"Mike Davis (FA)",13,"27",2.1,8,0,0,7,8,"22",3.1,0,0,12,4.9,0.4,"1.00%",2019,"RB"
122,"Taiwan Jones (FA)",9,"40",4.4,11,0,0,1,1,"9",9,0,0,11,4.9,0.4,"0.00%",2019,"RB"
123,"Patrick DiMarco (FA)",3,"7",2.3,4,0,0,5,7,"41",8.2,0,0,16,4.8,0.3,"0.00%",2019,"RB"
124,"Elijhaa Penny (FA)",15,"39",2.6,6,0,0,2,4,"9",4.5,0,0,16,4.8,0.3,"0.00%",2019,"RB"
125,"C.J. Anderson (FA)",16,"43",2.7,9,0,0,0,0,"0",0,0,0,2,4.3,2.2,"1.00%",2019,"RB"
126,"Paul Perkins (FA)",12,"29",2.4,13,0,0,1,1,"9",9,0,0,4,3.8,1,"0.00%",2019,"RB"
127,"Anthony Sherman (FA)",4,"9",2.3,5,0,0,2,3,"22",11,0,0,16,3.1,0.2,"0.00%",2019,"RB"
128,"Jay Ajayi (FA)",10,"30",3,11,0,0,0,1,"0",0,0,0,4,3,0.8,"7.00%",2019,"RB"
129,"Dalyn Dawkins (FA)",11,"26",2.4,14,0,0,0,1,"0",0,0,0,2,2.6,1.3,"0.10%",2019,"RB"
130,"T.J. Logan (FA)",3,"10",3.3,6,0,0,2,3,"13",6.5,0,0,12,2.3,0.2,"0.00%",2019,"RB"
131,"Keith Smith (ATL)",5,"8",1.6,3,0,0,1,4,"13",13,0,0,16,2.1,0.1,"0.10%",2019,"RB"
132,"Tyler Ervin (FA)",1,"10",10,10,0,0,2,4,"11",5.5,0,0,10,2.1,0.2,"0.00%",2019,"RB"
133,"Zach Zenner (FA)",3,"-2",-0.7,1,0,0,2,3,"19",9.5,0,0,6,1.7,0.3,"0.00%",2019,"RB"
134,"Nick Bawden (NYJ)",0,"0",0,0,0,0,4,6,"17",4.3,0,0,10,1.7,0.2,"0.00%",2019,"RB"
135,"Samaje Perine (DEN)",5,"16",3.2,9,0,0,0,0,"0",0,0,0,7,1.6,0.2,"83.20%",2019,"RB"
136,"Damien Harris (BUF)",4,"12",3,13,0,0,0,0,"0",0,0,0,2,1.2,0.6,"58.00%",2019,"RB"
137,"Josh Adams (FA)",8,"12",1.5,10,0,0,0,0,"0",0,0,0,3,1.2,0.4,"0.00%",2019,"RB"
138,"Dexter Williams (FA)",5,"11",2.2,5,0,0,0,0,"0",0,0,0,4,1.1,0.3,"0.00%",2019,"RB"
139,"Buddy Howell (FA)",5,"10",2,4,0,0,0,0,"0",0,0,0,16,1,0.1,"0.00%",2019,"RB"
140,"Jordan Scarlett (FA)",4,"9",2.3,6,0,0,0,0,"0",0,0,0,9,0.9,0.1,"0.00%",2019,"RB"
141,"Josh Ferguson (FA)",3,"9",3,7,0,0,0,0,"0",0,0,0,2,0.9,0.5,"0.00%",2019,"RB"
142,"John Kelly Jr. (CLE)",3,"9",3,6,0,0,0,0,"0",0,0,0,5,0.9,0.2,"0.20%",2019,"RB"
143,"Ryan Nall (FA)",2,"8",4,7,0,0,0,0,"0",0,0,0,8,0.8,0.1,"0.00%",2019,"RB"
144,"Ricky Ortiz (FA)",0,"0",0,0,0,0,1,1,"8",8,0,0,2,0.8,0.4,"0.00%",2019,"RB"
145,"Tony Brooks-James (FA)",8,"7",0.9,8,0,0,0,0,"0",0,0,0,3,0.7,0.2,"0.00%",2019,"RB"
146,"De'Lance Turner (FA)",4,"6",1.5,5,0,0,0,0,"0",0,0,0,9,0.6,0.1,"0.10%",2019,"RB"
147,"Jakob Johnson (LV)",0,"0",0,0,0,0,1,2,"5",5,0,0,4,0.5,0.1,"0.00%",2019,"RB"
148,"Senorise Perry (FA)",3,"3",1,6,0,0,1,1,"1",1,0,0,11,0.4,0,"0.00%",2019,"RB"
149,"Alfred Morris (FA)",1,"4",4,4,0,0,0,0,"0",0,0,0,1,0.4,0.4,"0.00%",2019,"RB"
150,"Roosevelt Nix (FA)",0,"0",0,0,0,0,2,3,"4",2,0,0,3,0.4,0.1,"0.00%",2019,"RB"
151,"James Develin (FA)",2,"3",1.5,2,0,0,0,0,"0",0,0,0,2,0.3,0.2,"0.00%",2019,"RB"
152,"Craig Reynolds (DET)",0,"0",0,0,0,0,0,0,"0",0,0,0,3,0,0,"0.30%",2019,"RB"
153,"Austin Walter (LV)",0,"0",0,0,0,0,0,0,"0",0,0,0,1,0,0,"0.00%",2019,"RB"
154,"Andrew Beck (HOU)",1,"3",3,3,0,0,9,12,"90",10,1,0,16,0,0,"0.00%",2019,"RB"
155,"DuJuan Harris (FA)",0,"0",0,0,0,0,0,0,"0",0,0,0,1,0,0,"0.00%",2019,"RB"
156,"Nick Bellore (SEA)",0,"0",0,0,0,0,2,2,"23",11.5,1,0,14,0,0,"36.00%",2019,"RB"
157,"Lamar Miller (FA)",0,"0",0,0,0,0,0,0,"0",0,0,0,1,0,0,"0.00%",2019,"RB"
158,"Chris Ivory (FA)",0,"0",0,0,0,0,0,0,"0",0,0,0,1,0,0,"0.00%",2019,"RB"
159,"Stevan Ridley (FA)",0,"0",0,0,0,0,0,0,"0",0,0,0,1,0,0,"0.00%",2019,"RB"
160,"Cordarrelle Patterson (ATL)",17,"103",6.1,46,3,0,11,17,"83",7.5,0,0,16,0,0,"16.30%",2019,"RB"
161,"Christine Michael (FA)",0,"0",0,0,0,0,0,0,"0",0,0,0,1,0,0,"0.00%",2019,"RB"
162,"Mike Gillislee (FA)",0,"0",0,0,0,0,0,0,"0",0,0,0,1,0,0,"0.00%",2019,"RB"
163,"Robert Turbin (FA)",0,"0",0,0,0,0,0,0,"0",0,0,0,2,0,0,"0.00%",2019,"RB"
164,"Jamize Olawale (FA)",0,"0",0,0,0,0,0,2,"0",0,0,0,16,0,0,"0.00%",2019,"RB"
165,"Travaris Cadet (FA)",0,"0",0,0,0,0,0,0,"0",0,0,0,1,0,0,"0.00%",2019,"RB"
166,"LeGarrette Blount (FA)",0,"0",0,0,0,0,0,0,"0",0,0,0,1,0,0,"0.10%",2019,"RB"
167,"Jamaal Charles (FA)",0,"0",0,0,0,0,0,0,"0",0,0,0,1,0,0,"0.10%",2019,"RB"
168,"Jonathan Stewart (FA)",0,"0",0,0,0,0,0,0,"0",0,0,0,1,0,0,"0.00%",2019,"RB"
169,"Cullen Gillaspia (FA)",0,"0",0,0,0,0,0,0,"0",0,0,0,16,0,0,"0.00%",2019,"RB"
170,"Justin Davis (FA)",0,"0",0,0,0,0,0,0,"0",0,0,0,1,0,0,"0.00%",2019,"RB"
171,"Jeremy McNichols (FA)",0,"0",0,0,0,0,0,0,"0",0,0,0,1,0,0,"0.00%",2019,"RB"
172,"Joe Williams (FA)",0,"0",0,0,0,0,0,0,"0",0,0,0,1,0,0,"0.00%",2019,"RB"
173,"J.P. Holtz (FA)",0,"0",0,0,0,0,7,8,"91",13,0,0,15,0,0,"0.00%",2019,"RB"
174,"Tre Madden (FA)",0,"0",0,0,0,0,0,0,"0",0,0,0,1,0,0,"0.10%",2019,"RB"
175,"Brandin Bryant (NYG)",0,"0",0,0,0,0,0,0,"0",0,0,0,4,0,0,"0.10%",2019,"RB"
176,"Bryce Love (FA)",0,"0",0,0,0,0,0,0,"0",0,0,0,1,0,0,"0.00%",2019,"RB"
177,"Chandler Cox (FA)",0,"0",0,0,0,0,0,0,"0",0,0,0,13,0,0,"0.00%",2019,"RB"
178,"Trayveon Williams (CIN)",0,"0",0,0,0,0,0,0,"0",0,0,0,11,0,0,"0.70%",2019,"RB"
179,"Jason Cabinda (DET)",0,"0",0,0,0,0,0,0,"0",0,0,0,5,0,0,"0.00%",2019,"RB"
180,"Lavon Coleman (FA)",0,"0",0,0,0,0,0,0,"0",0,0,0,1,0,0,"0.00%",2019,"RB"
181,"Trenton Cannon (FA)",0,"0",0,0,0,0,0,0,"0",0,0,0,4,0,0,"0.00%",2019,"RB"
182,"Donnie Ernsberger (FA)",0,"0",0,0,0,0,0,0,"0",0,0,0,1,0,0,"0.00%",2019,"RB"
183,"Jordan Chunn (FA)",0,"0",0,0,0,0,0,0,"0",0,0,0,1,0,0,"0.00%",2019,"RB"
184,"Detrez Newsome (FA)",0,"0",0,0,0,0,0,0,"0",0,0,0,1,0,0,"0.00%",2019,"RB"
185,"Jeremy Hill (FA)",0,"0",0,0,0,0,0,0,"0",0,0,0,1,0,0,"0.00%",2019,"RB"
186,"Derrick Coleman (FA)",0,"0",0,0,0,0,0,0,"0",0,0,0,1,0,0,"0.10%",2019,"RB"
187,"David Fluellen (FA)",0,"0",0,0,0,0,0,0,"0",0,0,0,2,0,0,"0.00%",2019,"RB"
188,"D.J. Foster (FA)",0,"0",0,0,0,0,0,0,"0",0,0,0,6,0,0,"0.00%",2019,"RB"
189,"Rod Smith (FA)",0,"0",0,0,0,0,0,0,"0",0,0,0,7,0,0,"0.00%",2019,"RB"
190,"Kenneth Dixon (FA)",0,"0",0,0,0,0,0,0,"0",0,0,0,1,0,0,"0.10%",2019,"RB"
191,"Alex Collins (FA)",0,"0",0,0,0,0,0,0,"0",0,0,0,1,0,0,"19.00%",2019,"RB"
192,"Cameron Artis-Payne (FA)",0,"0",0,0,0,0,0,0,"0",0,0,0,1,0,0,"0.00%",2019,"RB"
193,"Michael Burton (DEN)",0,"0",0,0,0,0,0,1,"0",0,0,0,11,0,0,"0.00%",2019,"RB"
194,"Jeremy Langford (FA)",0,"0",0,0,0,0,0,0,"0",0,0,0,1,0,0,"0.00%",2019,"RB"
195,"Corey Clement (ARI)",0,"0",0,0,0,0,0,0,"0",0,0,2,4,-4,-1,"0.20%",2019,"RB"
1,"Josh Jacobs (LV)",340,"1,653",4.9,86,14,12,53,64,"400",7.5,0,1,17,275.3,16.2,"99.90%",2022,"RB"
2,"Christian McCaffrey (SF)",244,"1,139",4.7,49,14,8,85,108,"741",8.7,5,0,17,271.4,16,"100.00%",2022,"RB"
3,"Derrick Henry (TEN)",349,"1,538",4.4,56,20,13,33,41,"398",12.1,0,3,16,269.8,16.9,"99.90%",2022,"RB"
4,"Austin Ekeler (LAC)",204,"915",4.5,72,10,13,107,127,"722",6.7,5,3,17,265.7,15.6,"100.00%",2022,"RB"
5,"Nick Chubb (CLE)",302,"1,525",5,41,18,12,27,37,"239",8.9,1,1,17,254.4,15,"99.90%",2022,"RB"
6,"Saquon Barkley (NYG)",295,"1,312",4.4,68,16,10,57,76,"338",5.9,0,0,16,227,14.2,"99.90%",2022,"RB"
7,"Jamaal Williams (NO)",262,"1,066",4.1,58,10,17,12,16,"73",6.1,0,2,17,213.9,12.6,"88.10%",2022,"RB"
8,"Tony Pollard (DAL)",193,"1,007",5.2,57,18,9,39,55,"371",9.5,3,0,16,209.8,13.1,"99.80%",2022,"RB"
9,"Dalvin Cook (FA)",264,"1,173",4.4,81,14,8,39,56,"295",7.6,2,4,17,198.8,11.7,"93.30%",2022,"RB"
10,"Miles Sanders (CAR)",259,"1,269",4.9,40,12,11,20,26,"78",3.9,0,2,17,196.7,11.6,"96.30%",2022,"RB"
11,"Aaron Jones (GB)",213,"1,121",5.3,36,10,2,59,72,"395",6.7,5,3,17,189.6,11.2,"98.50%",2022,"RB"
12,"Najee Harris (PIT)",272,"1,034",3.8,36,2,7,41,53,"229",5.6,3,2,17,182.5,10.7,"98.90%",2022,"RB"
13,"Joe Mixon (CIN)",212,"826",3.9,40,7,7,60,75,"441",7.4,2,0,15,180.7,12,"98.70%",2022,"RB"
14,"Rhamondre Stevenson (NE)",210,"1,040",5,49,12,5,69,88,"421",6.1,1,1,17,180.1,10.6,"98.80%",2022,"RB"
15,"Kenneth Walker III (SEA)",228,"1,050",4.6,74,21,9,27,35,"165",6.1,0,0,15,175.5,11.7,"98.20%",2022,"RB"
16,"Travis Etienne Jr. (JAC)",220,"1,125",5.1,62,18,5,35,45,"316",9,0,3,17,170.1,10,"99.10%",2022,"RB"
17,"Ezekiel Elliott (FA)",231,"876",3.8,27,5,12,17,23,"92",5.4,0,0,15,168.8,11.3,"48.20%",2022,"RB"
18,"Alvin Kamara (NO)",223,"897",4,27,3,2,57,77,"490",8.6,2,4,15,154.7,10.3,"93.50%",2022,"RB"
19,"James Conner (ARI)",183,"782",4.3,23,3,7,46,58,"300",6.5,1,1,13,154.2,11.9,"93.80%",2022,"RB"
20,"Leonard Fournette (FA)",189,"668",3.5,23,1,3,73,83,"523",7.2,3,0,16,154.1,9.6,"16.50%",2022,"RB"
21,"David Montgomery (DET)",201,"801",4,28,2,5,34,40,"316",9.3,1,2,16,143.7,9,"91.80%",2022,"RB"
22,"Tyler Allgeier (ATL)",210,"1,035",4.9,44,12,3,16,17,"139",8.7,1,0,16,143.4,9,"48.10%",2022,"RB"
23,"D'Andre Swift (PHI)",99,"542",5.5,50,10,5,48,70,"389",8.1,3,0,14,143.1,10.2,"92.20%",2022,"RB"
24,"Jerick McKinnon (KC)",72,"291",4,30,3,1,56,71,"512",9.1,9,1,17,140.3,8.3,"66.40%",2022,"RB"
25,"Devin Singletary (HOU)",178,"822",4.6,33,7,5,38,52,"280",7.4,1,3,17,140.2,8.2,"48.70%",2022,"RB"
26,"AJ Dillon (GB)",186,"770",4.1,27,3,7,28,43,"206",7.4,0,0,17,139.6,8.2,"88.20%",2022,"RB"
27,"Raheem Mostert (MIA)",181,"891",4.9,67,9,3,31,42,"202",6.5,2,1,16,137.3,8.6,"60.90%",2022,"RB"
28,"Jeff Wilson Jr. (MIA)",176,"860",4.9,41,11,5,22,37,"185",8.4,1,2,16,136.5,8.5,"63.40%",2022,"RB"
29,"Dameon Pierce (HOU)",220,"939",4.3,75,13,4,30,39,"165",5.5,1,2,13,136.4,10.5,"95.90%",2022,"RB"
30,"Cordarrelle Patterson (ATL)",144,"695",4.8,40,6,8,21,31,"122",5.8,0,1,13,133.7,10.3,"16.30%",2022,"RB"
31,"Cam Akers (LAR)",188,"786",4.2,42,6,7,13,18,"117",9,0,2,15,128.3,8.6,"93.20%",2022,"RB"
32,"Latavius Murray (BUF)",171,"760",4.4,52,9,6,27,35,"132",4.9,0,0,14,127.2,9.1,"1.80%",2022,"RB"
33,"D'Onta Foreman (CHI)",203,"914",4.5,60,12,5,5,9,"26",5.2,0,0,16,126,7.9,"36.30%",2022,"RB"
34,"Isiah Pacheco (KC)",170,"830",4.9,31,4,5,13,14,"130",10,0,2,17,122,7.2,"93.80%",2022,"RB"
35,"Antonio Gibson (WAS)",149,"546",3.7,20,1,3,46,58,"353",7.7,2,0,15,119.9,8,"83.40%",2022,"RB"
36,"Jonathan Taylor (IND)",192,"861",4.5,66,8,4,28,40,"143",5.1,0,3,12,118.4,9.9,"99.80%",2022,"RB"
37,"Khalil Herbert (CHI)",129,"731",5.7,63,11,4,9,12,"57",6.3,1,0,13,108.8,8.4,"84.80%",2022,"RB"
38,"Samaje Perine (DEN)",95,"394",4.1,29,1,2,38,51,"287",7.6,4,0,16,104.1,6.5,"83.40%",2022,"RB"
39,"Brian Robinson Jr. (WAS)",205,"797",3.9,24,2,2,9,12,"60",6.7,1,0,12,103.7,8.6,"88.10%",2022,"RB"
40,"Breece Hall (NYJ)",80,"463",5.8,62,7,4,19,31,"218",11.5,1,1,7,96.1,13.7,"98.10%",2022,"RB"
41,"Kareem Hunt (FA)",123,"468",3.8,24,2,3,35,44,"210",6,1,0,17,91.8,5.4,"11.20%",2022,"RB"
42,"Rachaad White (TB)",129,"481",3.7,35,3,1,50,58,"290",5.8,2,3,17,89.1,5.2,"92.70%",2022,"RB"
43,"Kenyan Drake (FA)",109,"482",4.4,40,9,4,17,26,"89",5.2,1,0,12,87.1,7.3,"0.60%",2022,"RB"
44,"James Cook (BUF)",91,"525",5.8,33,7,2,21,32,"180",8.6,1,1,17,86.5,5.1,"89.70%",2022,"RB"
45,"Michael Carter (NYJ)",114,"402",3.5,25,3,3,41,54,"288",7,0,1,16,85,5.3,"14.70%",2022,"RB"
46,"Clyde Edwards-Helaire (KC)",71,"302",4.3,52,5,3,17,23,"151",8.9,3,0,10,81.3,8.1,"15.40%",2022,"RB"
47,"James Robinson (NYG)",110,"425",3.9,50,8,3,11,14,"51",4.6,2,0,11,77.6,7.1,"3.00%",2022,"RB"
48,"J.K. Dobbins (BAL)",92,"520",5.7,44,7,2,7,8,"42",6,1,0,8,74.2,9.3,"93.20%",2022,"RB"
49,"Damien Harris (BUF)",106,"462",4.4,30,3,3,17,23,"97",5.7,0,0,11,73.9,6.7,"57.80%",2022,"RB"
50,"Chuba Hubbard (CAR)",95,"466",4.9,35,6,2,14,17,"171",12.2,0,1,14,73.7,5.3,"22.00%",2022,"RB"
51,"Alexander Mattison (MIN)",74,"283",3.8,15,0,5,15,18,"91",6.1,1,0,17,73.4,4.3,"90.70%",2022,"RB"
52,"Jaylen Warren (PIT)",77,"379",4.9,31,4,1,28,33,"214",7.6,0,0,16,65.3,4.1,"23.60%",2022,"RB"
53,"Kenneth Gainwell (PHI)",53,"240",4.5,13,0,4,23,29,"169",7.3,0,0,17,64.9,3.8,"20.10%",2022,"RB"
54,"Eno Benjamin (NO)",77,"313",4.1,45,3,2,25,34,"193",7.7,0,0,13,64.6,5,"0.60%",2022,"RB"
55,"Melvin Gordon III (BAL)",90,"318",3.5,17,0,2,25,32,"223",8.9,0,2,10,62.1,6.2,"1.40%",2022,"RB"
56,"Gus Edwards (BAL)",87,"433",5,37,4,3,0,2,"0",0,0,1,9,59.3,6.6,"10.50%",2022,"RB"
57,"Chase Edmonds (TB)",68,"245",3.6,28,3,2,16,24,"157",9.8,1,0,13,58.2,4.5,"2.20%",2022,"RB"
58,"Darrell Henderson Jr. (FA)",70,"283",4,23,1,3,17,22,"102",6,0,0,10,56.5,5.7,"0.60%",2022,"RB"
59,"Dontrell Hilliard (FA)",22,"145",6.6,30,3,0,21,26,"177",8.4,4,0,12,56.2,4.7,"0.10%",2022,"RB"
60,"Deon Jackson (IND)",68,"236",3.5,17,0,1,30,34,"209",7,1,1,12,54.5,4.5,"5.20%",2022,"RB"
61,"Zack Moss (IND)",93,"456",4.9,43,5,1,11,13,"39",3.5,0,1,13,53.5,4.1,"2.80%",2022,"RB"
62,"Nyheim Hines (BUF)",24,"33",1.4,9,0,1,30,37,"241",8,1,0,16,51.4,3.2,"1.80%",2022,"RB"
63,"Joshua Kelley (LAC)",69,"287",4.2,22,1,2,14,25,"101",7.2,0,0,12,50.8,4.2,"3.20%",2022,"RB"
64,"JaMycal Hasty (JAC)",46,"194",4.2,61,4,2,21,27,"121",5.8,1,0,14,49.5,3.5,"0.80%",2022,"RB"
65,"Rashaad Penny (PHI)",57,"346",6.1,41,9,2,4,5,"16",4,0,0,5,48.2,9.6,"85.10%",2022,"RB"
66,"Zonovan Knight (NYJ)",85,"300",3.5,48,3,1,13,14,"100",7.7,0,0,7,46,6.6,"6.00%",2022,"RB"
67,"Caleb Huntley (FA)",76,"366",4.8,30,3,1,2,2,"3",1.5,0,0,12,42.9,3.6,"0.10%",2022,"RB"
68,"Boston Scott (PHI)",54,"217",4,21,1,3,5,6,"15",3,0,0,15,41.2,2.7,"0.80%",2022,"RB"
69,"Elijah Mitchell (SF)",45,"279",6.2,37,2,2,3,4,"7",2.3,0,0,5,40.6,8.1,"56.30%",2022,"RB"
70,"Matt Breida (NYG)",54,"220",4.1,18,0,1,20,25,"118",5.9,0,0,17,39.8,2.3,"0.90%",2022,"RB"
71,"Justin Jackson (FA)",42,"170",4,27,1,1,12,19,"101",8.4,1,0,15,39.1,2.6,"0.10%",2022,"RB"
72,"Kyle Juszczyk (SF)",7,"26",3.7,9,0,1,19,23,"200",10.5,1,0,13,34.6,2.7,"0.40%",2022,"RB"
73,"Rex Burkhead (FA)",26,"80",3.1,9,0,0,37,51,"204",5.5,1,0,15,34.4,2.3,"5.10%",2022,"RB"
74,"Mark Ingram II (FA)",62,"233",3.8,14,0,1,16,18,"68",4.3,0,2,10,34.1,3.4,"0.10%",2022,"RB"
75,"Raheem Blackshear (CAR)",23,"77",3.3,16,0,3,10,12,"93",9.3,0,1,13,33,2.5,"0.30%",2022,"RB"
76,"Jordan Mason (SF)",43,"258",6,55,4,1,0,0,"0",0,0,0,12,31.8,2.7,"0.70%",2022,"RB"
77,"Ty Johnson (FA)",30,"160",5.3,32,3,1,12,24,"88",7.3,0,0,12,30.8,2.6,"0.10%",2022,"RB"
78,"Marlon Mack (FA)",16,"84",5.3,17,0,1,8,10,"99",12.4,1,0,8,30.3,3.8,"6.00%",2022,"RB"
79,"DeeJay Dallas (SEA)",35,"186",5.3,27,1,0,17,19,"126",7.4,0,0,15,30.2,2,"0.80%",2022,"RB"
80,"Justice Hill (BAL)",49,"262",5.3,34,2,0,12,12,"58",4.8,0,1,15,30,2,"0.30%",2022,"RB"
81,"Ameer Abdullah (LV)",4,"20",5,7,0,0,25,32,"211",8.4,1,0,16,29.1,1.8,"0.50%",2022,"RB"
82,"J.D. McKissic (FA)",22,"95",4.3,33,2,0,27,40,"173",6.4,0,0,9,28.8,3.2,"0.10%",2022,"RB"
83,"Dare Ogunbowale (HOU)",42,"123",2.9,11,0,1,20,26,"104",5.2,0,0,15,28.7,1.9,"0.10%",2022,"RB"
84,"Malik Davis (DAL)",38,"161",4.2,23,2,1,6,7,"63",10.5,0,0,6,28.4,4.7,"1.30%",2022,"RB"
85,"Travis Homer (CHI)",19,"74",3.9,16,0,0,16,18,"157",9.8,1,1,12,27.1,2.3,"0.30%",2022,"RB"
86,"Javonte Williams (DEN)",47,"204",4.3,17,0,0,16,22,"76",4.8,0,1,4,26,6.5,"88.90%",2022,"RB"
87,"Gary Brightwell (NYG)",31,"141",4.5,25,1,1,5,8,"39",7.8,0,0,15,24,1.6,"0.20%",2022,"RB"
88,"Alec Ingold (MIA)",6,"8",1.3,2,0,1,15,23,"105",7,1,0,12,23.3,1.9,"0.10%",2022,"RB"
89,"Craig Reynolds (DET)",23,"102",4.4,21,1,0,9,10,"116",12.9,0,0,7,21.8,3.1,"0.30%",2022,"RB"
90,"Kyren Williams (LAR)",35,"139",4,17,0,0,9,12,"76",8.4,0,0,8,21.5,2.7,"2.30%",2022,"RB"
91,"C.J. Ham (MIN)",4,"7",1.8,3,0,2,10,12,"86",8.6,0,0,11,21.3,1.9,"0.10%",2022,"RB"
92,"Pierre Strong Jr. (NE)",10,"100",10,44,3,1,7,7,"42",6,0,0,10,20.2,2,"1.90%",2022,"RB"
93,"Mike Boone (HOU)",24,"102",4.3,18,0,0,9,15,"96",10.7,0,0,8,19.8,2.5,"0.20%",2022,"RB"
94,"Avery Williams (ATL)",22,"109",5,21,1,1,13,14,"61",4.7,0,1,17,19.5,1.1,"0.10%",2022,"RB"
95,"Jonathan Williams (WAS)",37,"152",4.1,23,1,0,7,10,"40",5.7,0,0,9,19.2,2.1,"0.20%",2022,"RB"
96,"Tevin Coleman (FA)",12,"26",2.2,14,0,1,3,3,"44",14.7,1,0,3,19,6.3,"0.00%",2022,"RB"
97,"Brandon Bolden (LV)",17,"66",3.9,12,0,0,10,10,"62",6.2,1,0,12,18.8,1.6,"0.20%",2022,"RB"
98,"Malcolm Brown (FA)",18,"81",4.5,23,1,1,5,6,"37",7.4,0,0,7,17.8,2.5,"0.00%",2022,"RB"
99,"Darrel Williams (FA)",21,"102",4.9,30,2,1,4,8,"9",2.3,0,0,5,17.1,3.4,"2.00%",2022,"RB"
100,"Corey Clement (ARI)",15,"55",3.7,12,0,1,5,7,"54",10.8,0,0,5,16.9,3.4,"0.20%",2022,"RB"
101,"Benny Snell Jr. (FA)",20,"90",4.5,16,0,1,2,2,"17",8.5,0,0,9,16.7,1.9,"2.00%",2022,"RB"
102,"Sony Michel (FA)",36,"106",2.9,12,0,0,9,13,"53",5.9,0,0,10,15.9,1.6,"0.10%",2022,"RB"
103,"Ronald Jones II (DAL)",17,"70",4.1,13,0,1,1,1,"22",22,0,0,5,15.2,3,"1.70%",2022,"RB"
104,"Derek Watt (FA)",9,"21",2.3,4,0,1,5,5,"11",2.2,1,0,12,15.2,1.3,"0.10%",2022,"RB"
105,"Hassan Haskins (TEN)",25,"93",3.7,12,0,0,11,12,"57",5.2,0,0,14,15,1.1,"0.80%",2022,"RB"
106,"Keaontay Ingram (ARI)",27,"60",2.2,13,0,1,4,5,"21",5.3,0,0,11,14.1,1.3,"0.90%",2022,"RB"
107,"Zander Horvath (LAC)",4,"8",2,3,0,0,5,8,"8",1.6,2,0,8,13.6,1.7,"0.10%",2022,"RB"
108,"Reggie Gilliam (BUF)",0,"0",0,0,0,0,9,11,"76",8.4,1,0,8,13.6,1.7,"0.10%",2022,"RB"
109,"Salvon Ahmed (MIA)",12,"64",5.3,11,0,1,1,1,"8",8,0,0,7,13.2,1.9,"0.10%",2022,"RB"
110,"Royce Freeman (LAR)",41,"117",2.9,11,0,0,6,8,"33",5.5,0,1,5,13,2.6,"1.00%",2022,"RB"
111,"Kevin Harris (NE)",18,"52",2.9,14,0,1,0,0,"0",0,0,0,5,11.2,2.2,"0.60%",2022,"RB"
112,"Snoop Conner (JAC)",12,"42",3.5,8,0,1,0,0,"0",0,0,0,5,10.2,2,"0.10%",2022,"RB"
113,"Tyrion Davis-Price (SF)",34,"99",2.9,20,1,0,0,2,"0",0,0,0,5,9.9,2,"0.70%",2022,"RB"
114,"Chris Evans (CIN)",0,"0",0,0,0,0,3,4,"38",12.7,1,0,10,9.8,1,"0.40%",2022,"RB"
115,"Darrynton Evans (BUF)",14,"64",4.6,21,1,0,1,1,"33",33,0,0,3,9.7,3.2,"0.00%",2022,"RB"
116,"Kene Nwangwu (MIN)",9,"14",1.6,8,0,0,2,2,"21",10.5,0,0,14,9.5,0.7,"1.00%",2022,"RB"
117,"Patrick Ricard (BAL)",7,"16",2.3,5,0,0,11,13,"74",6.7,0,0,13,9,0.7,"0.10%",2022,"RB"
118,"Phillip Lindsay (FA)",15,"49",3.3,15,0,0,6,8,"19",3.2,0,0,3,8.8,2.9,"0.00%",2022,"RB"
119,"Jordan Wilkins (FA)",13,"58",4.5,9,0,0,6,8,"29",4.8,0,0,4,8.7,2.2,"0.00%",2022,"RB"
120,"Tyler Badie (DEN)",1,"0",0,0,0,0,1,1,"24",24,1,0,1,8.4,8.4,"0.10%",2022,"RB"
121,"Jaret Patterson (WAS)",17,"78",4.6,14,0,0,0,1,"0",0,0,0,2,7.8,3.9,"0.10%",2022,"RB"
122,"Ty Montgomery (NE)",2,"-2",-1,0,0,0,3,4,"15",5,1,0,1,7.3,7.3,"0.70%",2022,"RB"
123,"Ke'Shawn Vaughn (TB)",17,"53",3.1,12,0,0,3,4,"19",6.3,0,0,9,7.2,0.8,"0.70%",2022,"RB"
124,"Zamir White (LV)",17,"70",4.1,22,1,0,0,0,"0",0,0,0,11,7,0.6,"7.60%",2022,"RB"
125,"Trayveon Williams (CIN)",6,"30",5,16,0,0,2,3,"30",15,0,0,9,6,0.7,"0.70%",2022,"RB"
126,"Myles Gaskin (MIA)",10,"26",2.6,10,0,0,4,6,"28",7,0,0,2,5.4,2.7,"0.10%",2022,"RB"
127,"Tony Jones Jr. (DEN)",10,"24",2.4,7,0,0,5,8,"30",6,0,0,3,5.4,1.8,"0.40%",2022,"RB"
128,"Isaiah Spiller (LAC)",18,"41",2.3,11,0,0,3,3,"13",4.3,0,0,5,5.4,1.1,"1.50%",2022,"RB"
129,"Spencer Brown (CAR)",9,"43",4.8,7,0,0,2,4,"10",5,0,0,2,5.3,2.7,"0.00%",2022,"RB"
130,"Julius Chestnut (TEN)",9,"12",1.3,5,0,0,3,3,"41",13.7,0,0,6,5.3,0.9,"0.10%",2022,"RB"
131,"David Johnson (FA)",12,"24",2,5,0,0,4,4,"47",11.8,0,1,4,5.1,1.3,"0.00%",2022,"RB"
132,"Ronnie Rivers (LAR)",9,"21",2.3,5,0,0,5,5,"29",5.8,0,0,2,5,2.5,"0.00%",2022,"RB"
133,"Patrick Taylor Jr. (GB)",10,"31",3.1,6,0,0,1,1,"17",17,0,0,7,4.8,0.7,"0.10%",2022,"RB"
134,"Dwayne Washington (FA)",11,"38",3.5,8,0,0,1,1,"7",7,0,0,7,4.5,0.6,"0.00%",2022,"RB"
135,"Trestan Ebner (CHI)",24,"54",2.3,11,0,0,2,8,"8",4,0,1,11,4.2,0.4,"0.10%",2022,"RB"
136,"Anthony McFarland Jr. (PIT)",6,"30",5,14,0,0,2,2,"11",5.5,0,0,1,4.1,4.1,"0.20%",2022,"RB"
137,"Larry Rountree III (LAC)",13,"19",1.5,5,0,0,2,2,"14",7,0,0,3,3.3,1.1,"0.10%",2022,"RB"
138,"Jonathan Ward (TEN)",5,"25",5,12,0,0,2,3,"7",3.5,0,0,4,3.2,0.8,"0.00%",2022,"RB"
139,"Giovani Bernard (FA)",8,"28",3.5,8,0,0,2,2,"-1",-0.5,0,0,4,2.7,0.7,"0.00%",2022,"RB"
140,"D'Ernest Johnson (JAC)",4,"17",4.3,7,0,0,3,3,"7",2.3,0,0,10,2.4,0.2,"0.60%",2022,"RB"
141,"Mike Davis (FA)",8,"18",2.3,10,0,0,2,2,"4",2,0,0,5,2.2,0.4,"1.00%",2022,"RB"
142,"Ty Chandler (MIN)",6,"20",3.3,10,0,0,0,0,"0",0,0,0,2,2,1,"1.90%",2022,"RB"
143,"Trey Sermon (PHI)",2,"19",9.5,14,0,0,0,0,"0",0,0,0,1,1.9,1.9,"0.20%",2022,"RB"
144,"Michael Burton (DEN)",5,"7",1.4,6,0,0,2,3,"11",5.5,0,0,12,1.8,0.2,"0.00%",2022,"RB"
145,"Adam Prentice (NO)",4,"9",2.3,3,0,0,3,3,"9",3,0,0,6,1.8,0.3,"0.00%",2022,"RB"
146,"J.J. Taylor (NE)",10,"9",0.9,5,0,0,1,1,"8",8,0,0,1,1.7,1.7,"0.10%",2022,"RB"
147,"Jerome Ford (CLE)",8,"12",1.5,9,0,0,0,0,"0",0,0,0,13,1.2,0.1,"8.50%",2022,"RB"
148,"Keith Smith (ATL)",1,"2",2,2,0,0,1,2,"8",8,0,0,10,1,0.1,"0.10%",2022,"RB"
149,"Jakob Johnson (LV)",0,"0",0,0,0,0,5,6,"10",2,0,0,11,1,0.1,"0.00%",2022,"RB"
150,"Reggie Bonnafon (FA)",3,"8",2.7,5,0,0,0,0,"0",0,0,0,1,0.8,0.8,"0.00%",2022,"RB"
151,"Devine Ozigbo (FA)",3,"4",1.3,4,0,0,1,1,"3",3,0,0,3,0.7,0.2,"0.00%",2022,"RB"
152,"Godwin Igwebuike (ATL)",3,"4",1.3,4,0,0,1,1,"3",3,0,0,5,0.7,0.1,"0.00%",2022,"RB"
153,"Kylin Hill (FA)",1,"7",7,7,0,0,0,0,"0",0,0,0,1,0.7,0.7,"0.00%",2022,"RB"
154,"Ty'Son Williams (ARI)",0,"0",0,0,0,0,1,1,"5",5,0,0,1,0.5,0.5,"0.10%",2022,"RB"
155,"Duke Johnson Jr. (FA)",2,"4",2,4,0,0,0,0,"0",0,0,0,1,0.4,0.4,"0.00%",2022,"RB"
156,"Demetric Felton Jr. (CLE)",1,"-4",-4,0,0,0,2,4,"8",4,0,0,6,0.4,0.1,"0.00%",2022,"RB"
157,"Damien Williams (FA)",2,"2",1,2,0,0,0,0,"0",0,0,0,1,0.2,0.2,"0.00%",2022,"RB"
158,"Jordan Howard (FA)",1,"1",1,1,0,0,0,0,"0",0,0,0,1,0.1,0.1,"0.00%",2022,"RB"
159,"La'Mical Perine (KC)",0,"0",0,0,0,0,0,0,"0",0,0,0,1,0,0,"0.10%",2022,"RB"
160,"Derrick Gore (WAS)",0,"0",0,0,0,0,0,0,"0",0,0,0,0,0,0,"0.00%",2022,"RB"
161,"Chris Myarick (NYG)",0,"0",0,0,0,0,7,8,"65",9.3,1,0,10,0,0,"0.00%",2022,"RB"
162,"Austin Walter (LV)",0,"0",0,0,0,0,0,0,"0",0,0,0,0,0,0,"0.00%",2022,"RB"
163,"Mike Weber (NYG)",0,"0",0,0,0,0,0,0,"0",0,0,0,0,0,0,"0.00%",2022,"RB"
164,"Damarea Crockett (NYJ)",0,"0",0,0,0,0,0,0,"0",0,0,0,0,0,0,"0.00%",2022,"RB"
165,"Qadree Ollison (JAC)",0,"0",0,0,0,0,0,0,"0",0,0,0,3,0,0,"0.00%",2022,"RB"
166,"Khari Blasingame (CHI)",0,"0",0,0,0,0,0,1,"0",0,0,0,5,0,0,"0.00%",2022,"RB"
167,"John Lovett (MIA)",0,"0",0,0,0,0,0,0,"0",0,0,0,0,0,0,"0.00%",2022,"RB"
168,"Andrew Beck (HOU)",2,"0",0,1,0,0,5,11,"69",13.8,0,0,9,0,0,"0.00%",2022,"RB"
169,"Cullen Gillaspia (FA)",0,"0",0,0,0,0,0,0,"0",0,0,0,4,0,0,"0.00%",2022,"RB"
170,"Rico Dowdle (DAL)",0,"0",0,0,0,0,0,0,"0",0,0,0,2,0,0,"0.00%",2022,"RB"
171,"Sandro Platzgummer (FA)",0,"0",0,0,0,0,0,0,"0",0,0,0,1,0,0,"0.00%",2022,"RB"
172,"Kennedy Brooks (PHI)",0,"0",0,0,0,0,0,0,"0",0,0,0,0,0,0,"0.00%",2022,"RB"
173,"Mohamed Ibrahim (DET)",0,"0",0,0,0,0,0,0,"0",0,0,0,0,0,0,"0.00%",2022,"RB"
174,"Kirk Merritt (NO)",0,"0",0,0,0,0,0,0,"0",0,0,0,1,0,0,"0.00%",2022,"RB"
175,"Jermar Jefferson (DET)",0,"0",0,0,0,0,0,0,"0",0,0,0,1,0,0,"0.10%",2022,"RB"
176,"Jake Bargas (NO)",0,"0",0,0,0,0,0,0,"0",0,0,0,0,0,0,"0.00%",2022,"RB"
177,"John Lovett (PIT)",0,"0",0,0,0,0,0,0,"0",0,0,0,1,0,0,"0.00%",2022,"RB"
178,"Brittain Brown (LV)",0,"0",0,0,0,0,0,0,"0",0,0,0,1,0,0,"0.00%",2022,"RB"
179,"DeWayne McBride (MIN)",0,"0",0,0,0,0,0,0,"0",0,0,0,0,0,0,"1.90%",2022,"RB"
180,"Troy Hairston II (HOU)",0,"0",0,0,0,0,5,8,"19",3.8,0,0,12,0,0,"0.00%",2022,"RB"
181,"Tyjae Spears (TEN)",0,"0",0,0,0,0,0,0,"0",0,0,0,0,0,0,"4.20%",2022,"RB"
182,"Clint Ratkovich (ATL)",0,"0",0,0,0,0,0,0,"0",0,0,0,0,0,0,"0.00%",2022,"RB"
183,"Sean Tucker (TB)",0,"0",0,0,0,0,0,0,"0",0,0,0,0,0,0,"0.70%",2022,"RB"
184,"Kendre Miller (NO)",0,"0",0,0,0,0,0,0,"0",0,0,0,0,0,0,"22.40%",2022,"RB"
185,"Israel Abanikanda (NYJ)",0,"0",0,0,0,0,0,0,"0",0,0,0,0,0,0,"1.90%",2022,"RB"
186,"Bryant Koback (SEA)",0,"0",0,0,0,0,0,0,"0",0,0,0,2,0,0,"0.00%",2022,"RB"
187,"Greg Bell (PIT)",0,"0",0,0,0,0,0,0,"0",0,0,0,0,0,0,"0.00%",2022,"RB"
188,"Roschon Johnson (CHI)",0,"0",0,0,0,0,0,0,"0",0,0,0,0,0,0,"12.80%",2022,"RB"
189,"Chase Brown (CIN)",0,"0",0,0,0,0,0,0,"0",0,0,0,0,0,0,"4.60%",2022,"RB"
190,"Jaleel McLaughlin (DEN)",0,"0",0,0,0,0,0,0,"0",0,0,0,0,0,0,"0.00%",2022,"RB"
191,"Hunter Luepke (DAL)",0,"0",0,0,0,0,0,0,"0",0,0,0,0,0,0,"0.00%",2022,"RB"
192,"Zach Ojile (MIN)",0,"0",0,0,0,0,0,0,"0",0,0,0,0,0,0,"0.00%",2022,"RB"
193,"Ellis Merriweather (NO)",0,"0",0,0,0,0,0,0,"0",0,0,0,0,0,0,"0.00%",2022,"RB"
194,"Emanuel Wilson (GB)",0,"0",0,0,0,0,0,0,"0",0,0,0,0,0,0,"0.00%",2022,"RB"
195,"Ronnie Brown (TB)",0,"0",0,0,0,0,0,0,"0",0,0,0,0,0,0,"0.00%",2022,"RB"
196,"Owen Wright (BAL)",0,"0",0,0,0,0,0,0,"0",0,0,0,0,0,0,"0.00%",2022,"RB"
197,"Chris Brooks (MIA)",0,"0",0,0,0,0,0,0,"0",0,0,0,0,0,0,"0.00%",2022,"RB"
198,"Jordan Mims (BUF)",0,"0",0,0,0,0,0,0,"0",0,0,0,0,0,0,"0.00%",2022,"RB"
199,"Deneric Prince (KC)",0,"0",0,0,0,0,0,0,"0",0,0,0,0,0,0,"0.70%",2022,"RB"
200,"Levi Bell (SEA)",0,"0",0,0,0,0,0,0,"0",0,0,0,0,0,0,"0.00%",2022,"RB"
201,"Travis Dye (NYJ)",0,"0",0,0,0,0,0,0,"0",0,0,0,0,0,0,"0.00%",2022,"RB"
202,"Darius Hagans (PIT)",0,"0",0,0,0,0,0,0,"0",0,0,0,0,0,0,"0.00%",2022,"RB"
203,"Robert Burns (CHI)",0,"0",0,0,0,0,0,0,"0",0,0,0,0,0,0,"0.00%",2022,"RB"
204,"Hassan Hall (CLE)",0,"0",0,0,0,0,0,0,"0",0,0,0,0,0,0,"0.00%",2022,"RB"
205,"Jacob Saylors (CIN)",0,"0",0,0,0,0,0,0,"0",0,0,0,0,0,0,"0.00%",2022,"RB"
206,"Wayne Taulapapa (SEA)",0,"0",0,0,0,0,0,0,"0",0,0,0,0,0,0,"0.00%",2022,"RB"
207,"Calvin Tyler Jr. (CIN)",0,"0",0,0,0,0,0,0,"0",0,0,0,0,0,0,"0.00%",2022,"RB"
208,"Evan Hull (IND)",0,"0",0,0,0,0,0,0,"0",0,0,0,0,0,0,"1.80%",2022,"RB"
209,"Keaton Mitchell (BAL)",0,"0",0,0,0,0,0,0,"0",0,0,0,0,0,0,"0.00%",2022,"RB"
210,"Xazavian Valladay (HOU)",0,"0",0,0,0,0,0,0,"0",0,0,0,0,0,0,"0.00%",2022,"RB"
211,"Camerun Peoples (CAR)",0,"0",0,0,0,0,0,0,"0",0,0,0,0,0,0,"0.00%",2022,"RB"
212,"Kenny McIntosh (SEA)",0,"0",0,0,0,0,0,0,"0",0,0,0,0,0,0,"1.40%",2022,"RB"
213,"Henry Pearson (GB)",0,"0",0,0,0,0,0,0,"0",0,0,0,0,0,0,"0.00%",2022,"RB"
214,"Emari Demercado (ARI)",0,"0",0,0,0,0,0,0,"0",0,0,0,0,0,0,"0.00%",2022,"RB"
215,"Carlos Washington Jr. (ATL)",0,"0",0,0,0,0,0,0,"0",0,0,0,0,0,0,"0.00%",2022,"RB"
216,"Ronald Awatt (SF)",0,"0",0,0,0,0,0,0,"0",0,0,0,0,0,0,"0.00%",2022,"RB"
217,"Khalan Laborn (SF)",0,"0",0,0,0,0,0,0,"0",0,0,0,0,0,0,"0.00%",2022,"RB"
218,"Jack Colletto (SF)",0,"0",0,0,0,0,0,0,"0",0,0,0,0,0,0,"0.00%",2022,"RB"
219,"Tyler Hoosman (LAC)",0,"0",0,0,0,0,0,0,"0",0,0,0,0,0,0,"0.00%",2022,"RB"
220,"Elijah Dotson (LAC)",0,"0",0,0,0,0,0,0,"0",0,0,0,0,0,0,"0.00%",2022,"RB"
221,"Jordan Byrd (PIT)",0,"0",0,0,0,0,0,0,"0",0,0,0,0,0,0,"0.00%",2022,"RB"
222,"SaRodorick Thompson Jr. (SEA)",0,"0",0,0,0,0,0,0,"0",0,0,0,0,0,0,"0.00%",2022,"RB"
223,"Derek Parish (JAC)",0,"0",0,0,0,0,0,0,"0",0,0,0,0,0,0,"0.20%",2022,"RB"
224,"Lew Nichols III (GB)",0,"0",0,0,0,0,0,0,"0",0,0,0,0,0,0,"0.10%",2022,"RB"
225,"Javian Hawkins (TEN)",0,"0",0,0,0,0,0,0,"0",0,0,0,0,0,0,"0.00%",2022,"RB"
226,"Sincere McCormick (LV)",0,"0",0,0,0,0,0,0,"0",0,0,0,0,0,0,"0.00%",2022,"RB"
227,"Zach Charbonnet (SEA)",0,"0",0,0,0,0,0,0,"0",0,0,0,0,0,0,"68.00%",2022,"RB"
228,"De'Von Achane (MIA)",0,"0",0,0,0,0,0,0,"0",0,0,0,0,0,0,"36.90%",2022,"RB"
229,"Bijan Robinson (ATL)",0,"0",0,0,0,0,0,0,"0",0,0,0,0,0,0,"98.80%",2022,"RB"
230,"Zach Evans (LAR)",0,"0",0,0,0,0,0,0,"0",0,0,0,0,0,0,"1.90%",2022,"RB"
231,"Nate McCrary (CLE)",0,"0",0,0,0,0,0,0,"0",0,0,0,0,0,0,"0.00%",2022,"RB"
232,"Ben Mason (BAL)",0,"0",0,0,0,0,0,0,"0",0,0,0,1,0,0,"0.00%",2022,"RB"
233,"Gerrid Doaks (HOU)",0,"0",0,0,0,0,0,0,"0",0,0,0,0,0,0,"0.00%",2022,"RB"
234,"Jake Funk (IND)",0,"0",0,0,0,0,0,0,"0",0,0,0,1,0,0,"0.00%",2022,"RB"
235,"Tank Bigsby (JAC)",0,"0",0,0,0,0,0,0,"0",0,0,0,0,0,0,"14.20%",2022,"RB"
236,"Chris Rodriguez Jr. (WAS)",0,"0",0,0,0,0,0,0,"0",0,0,0,0,0,0,"0.20%",2022,"RB"
237,"Deuce Vaughn (DAL)",0,"0",0,0,0,0,0,0,"0",0,0,0,0,0,0,"3.50%",2022,"RB"
238,"Tyler Goodson (GB)",0,"0",0,0,0,0,0,0,"0",0,0,0,0,0,0,"0.00%",2022,"RB"
239,"Jahmyr Gibbs (DET)",0,"0",0,0,0,0,0,0,"0",0,0,0,0,0,0,"95.70%",2022,"RB"
240,"Jashaun Corbin (NYG)",0,"0",0,0,0,0,0,0,"0",0,0,0,2,0,0,"0.00%",2022,"RB"
241,"Eric Gray (NYG)",0,"0",0,0,0,0,0,0,"0",0,0,0,0,0,0,"1.30%",2022,"RB"
242,"Jerrion Ealy (KC)",0,"0",0,0,0,0,0,0,"0",0,0,0,0,0,0,"0.00%",2022,"RB"
243,"Nick Bellore (SEA)",1,"3",3,3,0,0,0,0,"0",0,0,0,12,0,0,"36.00%",2022,"RB"
244,"Chad Spann (HOU)",0,"0",0,0,0,0,0,0,"0",0,0,0,0,0,0,"0.00%",2022,"RB"
245,"Jay Finley (CIN)",0,"0",0,0,0,0,0,0,"0",0,0,0,0,0,0,"0.00%",2022,"RB"
246,"Shane Bannon (KC)",0,"0",0,0,0,0,0,0,"0",0,0,0,0,0,0,"0.00%",2022,"RB"
247,"Garrett Mills (NE)",0,"0",0,0,0,0,0,0,"0",0,0,0,0,0,0,"0.00%",2022,"RB"
248,"Kenjon Barner (FA)",0,"0",0,0,0,0,0,0,"0",0,0,0,1,0,0,"0.00%",2022,"RB"
249,"Patrick Laird (TB)",0,"0",0,0,0,0,0,0,"0",0,0,0,0,0,0,"0.00%",2022,"RB"
250,"Kenny Irons (CIN)",0,"0",0,0,0,0,0,0,"0",0,0,0,0,0,0,"0.00%",2022,"RB"
251,"Anthony Alridge (WAS)",0,"0",0,0,0,0,0,0,"0",0,0,0,0,0,0,"0.00%",2022,"RB"
252,"Dantrell Savage (CAR)",0,"0",0,0,0,0,0,0,"0",0,0,0,0,0,0,"0.00%",2022,"RB"
253,"Chad Simpson (WAS)",0,"0",0,0,0,0,0,0,"0",0,0,0,0,0,0,"0.00%",2022,"RB"
254,"Samkon Gado (TEN)",0,"0",0,0,0,0,0,0,"0",0,0,0,0,0,0,"0.00%",2022,"RB"
255,"Xavier Omon (SF)",0,"0",0,0,0,0,0,0,"0",0,0,0,0,0,0,"0.00%",2022,"RB"
256,"Madison Hedgecock (NYG)",0,"0",0,0,0,0,0,0,"0",0,0,0,0,0,0,"0.00%",2022,"RB"
257,"Brandin Bryant (NYG)",0,"0",0,0,0,0,0,0,"0",0,0,0,2,0,0,"0.10%",2022,"RB"
258,"Taquan Mizzell (NYG)",0,"0",0,0,0,0,0,0,"0",0,0,0,0,0,0,"0.00%",2022,"RB"
259,"Alex Armah Jr. (WAS)",0,"0",0,0,0,0,0,0,"0",0,0,0,0,0,0,"0.00%",2022,"RB"
260,"J.P. Holtz (FA)",0,"0",0,0,0,0,0,0,"0",0,0,0,1,0,0,"0.00%",2022,"RB"
261,"Nick Bawden (NYJ)",0,"0",0,0,0,0,0,0,"0",0,0,0,0,0,0,"0.00%",2022,"RB"
262,"Trenton Cannon (FA)",0,"0",0,0,0,0,0,0,"0",0,0,0,2,0,0,"0.00%",2022,"RB"
263,"Jason Cabinda (DET)",1,"4",4,4,0,0,1,4,"5",5,0,0,7,0,0,"0.00%",2022,"RB"
264,"John Kelly Jr. (CLE)",0,"0",0,0,0,0,0,0,"0",0,0,0,0,0,0,"0.10%",2022,"RB"
265,"Tim Flanders (NO)",0,"0",0,0,0,0,0,0,"0",0,0,0,0,0,0,"0.00%",2022,"RB"
266,"Willie Carter (CHI)",0,"0",0,0,0,0,0,0,"0",0,0,0,0,0,0,"0.00%",2022,"RB"
267,"Brennan Clay (DEN)",0,"0",0,0,0,0,0,0,"0",0,0,0,0,0,0,"0.00%",2022,"RB"
268,"Toriano Clinton (IND)",0,"0",0,0,0,0,0,0,"0",0,0,0,0,0,0,"0.00%",2022,"RB"
269,"Taiwan Jones (FA)",0,"0",0,0,0,0,0,0,"0",0,0,1,7,-2,-0.3,"0.00%",2022,"RB"
