Rank,Player,REC,TGT,YDS,Y.R,LG,X20.,TD,ATT,YDS.1,TD.1,FL,G,FPTS,FPTS.G,ROST,Fantasy_yr,Posit
134,Keelan Cole Sr. (LV),10,21,141,14.1,30,4,1,0,0,0,0,12,20.1,1.7,0.00%,2022,WR
133,Zach Pascal (ARI),15,19,150,10,34,3,1,1,0,0,0,15,21,1.4,0.10%,2022,WR
130,David Bell (CLE),24,35,214,8.9,20,1,0,0,0,0,0,15,21.4,1.4,0.70%,2022,WR
131,Skyy Moore (KC),22,33,250,11.4,30,3,0,3,24,0,3,16,21.4,1.3,60.20%,2022,WR
132,Sterling Shepard (NYG),13,24,154,11.8,65,4,1,0,0,0,0,3,21.4,7.1,1.00%,2022,WR
129,Marquez Callaway (DEN),16,32,158,9.9,33,3,1,0,0,0,0,10,21.8,2.2,0.10%,2022,WR
128,River Cracraft (MIA),9,14,102,11.3,22,1,2,0,0,0,0,8,22.2,2.8,0.10%,2022,WR
127,Amari Rodgers (IND),16,25,204,12.8,37,4,1,2,7,0,2,15,23.1,1.5,0.10%,2022,WR
126,Brandon Powell (MIN),24,32,156,6.5,16,0,0,17,80,0,0,17,23.6,1.4,0.10%,2022,WR
125,Jalen Nailor (MIN),9,13,179,19.9,47,6,1,0,0,0,0,8,23.9,3,0.10%,2022,WR
124,Khalil Shakir (BUF),10,20,161,16.1,31,5,1,0,0,0,0,10,24.1,2.4,3.90%,2022,WR
123,Byron Pringle (WAS),10,16,135,13.5,35,4,2,0,0,0,0,10,25.5,2.6,0.00%,2022,WR
122,Velus Jones Jr. (CHI),7,14,107,15.3,44,4,1,9,103,1,3,11,27,2.5,0.20%,2022,WR
121,Ashton Dulin (IND),15,22,207,13.8,39,3,1,2,8,0,0,10,27.5,2.8,0.10%,2022,WR
120,Dyami Brown (WAS),5,14,143,28.6,75,6,2,1,15,0,0,9,27.8,3.1,0.20%,2022,WR
119,KhaDarel Hodge (ATL),13,20,202,15.5,39,3,1,0,0,0,0,13,28.2,2.2,0.10%,2022,WR
118,Wan'Dale Robinson (NYG),23,31,227,9.9,19,0,1,2,-1,0,0,6,28.6,4.8,7.10%,2022,WR
117,Sammy Watkins (FA),16,27,325,20.3,55,15,0,0,0,0,1,9,30.5,3.4,1.60%,2022,WR
116,Phillip Dorsett II (LV),20,40,257,12.9,34,6,1,0,0,0,0,15,31.7,2.1,0.10%,2022,WR
115,Robbie Chosen (MIA),20,44,282,14.1,75,7,1,0,0,0,1,12,32.2,2.7,0.70%,2022,WR
114,Kendall Hinton (DEN),24,33,311,13,35,8,0,2,13,0,0,11,32.4,2.9,0.10%,2022,WR
113,Tre'Quan Smith (NO),19,27,278,14.6,48,6,1,0,0,0,0,10,33.8,3.4,0.20%,2022,WR
112,Michael Thomas (NO),16,22,171,10.7,21,2,3,0,0,0,0,3,35.1,11.7,85.90%,2022,WR
111,Jarvis Landry (FA),25,39,272,10.9,40,5,1,0,0,0,0,9,35.2,3.9,7.10%,2022,WR
110,A.J. Green (FA),24,47,236,9.8,77,4,2,0,0,0,0,13,37.6,2.9,0.60%,2022,WR
109,Rashod Bateman (BAL),15,28,285,19,75,12,2,0,0,0,1,6,38.5,6.4,39.30%,2022,WR
108,Damiere Byrd (CAR),13,23,268,20.6,75,8,2,0,0,0,0,12,38.8,3.2,0.00%,2022,WR
107,Shi Smith (CAR),22,41,296,13.5,38,8,2,0,0,0,1,17,39.6,2.3,0.10%,2022,WR
106,Braxton Berrios (MIA),18,32,145,8.1,25,2,0,9,91,2,0,17,39.7,2.3,0.90%,2022,WR
105,Kadarius Toney (KC),16,20,171,10.7,38,5,2,7,82,1,1,9,41.3,4.6,79.20%,2022,WR
104,Hunter Renfrow (LV),36,50,330,9.2,27,3,2,0,0,0,1,10,43,4.3,9.90%,2022,WR
103,Justin Watson (KC),15,34,315,21,67,12,2,0,0,0,0,17,43.5,2.6,0.20%,2022,WR
102,Equanimeous St. Brown (CHI),21,38,323,15.4,56,9,1,6,54,0,0,16,43.7,2.7,0.20%,2022,WR
101,Ray-Ray McCloud III (SF),14,25,243,17.4,42,8,1,4,78,1,0,17,44.1,2.6,0.60%,2022,WR
100,Nelson Agholor (BAL),31,53,362,11.7,44,9,2,0,0,0,2,15,44.2,2.9,0.70%,2022,WR
99,Tyquan Thornton (NE),22,45,247,11.2,29,4,2,3,16,1,0,12,44.3,3.7,14.10%,2022,WR
98,Tutu Atwell (LAR),18,35,298,16.6,62,12,1,9,34,1,0,12,45.2,3.8,0.70%,2022,WR
97,Ben Skowronek (LAR),39,61,376,9.6,32,7,0,1,17,1,0,14,45.3,3.2,0.70%,2022,WR
96,Laviska Shenault Jr. (CAR),27,32,272,10.1,67,8,1,9,65,1,0,13,45.7,3.5,0.70%,2022,WR
95,Dante Pettis (CHI),19,41,245,12.9,51,7,3,2,37,0,0,17,46.2,2.7,0.10%,2022,WR
94,Julio Jones (FA),24,43,299,12.5,48,6,2,5,45,0,0,10,46.4,4.6,7.20%,2022,WR
93,Rondale Moore (ARI),41,56,414,10.1,38,8,1,6,-5,0,0,8,46.9,5.9,50.00%,2022,WR
92,Jauan Jennings (SF),35,56,416,11.9,44,6,1,0,0,0,0,16,47.6,3,0.50%,2022,WR
91,Randall Cobb (NYJ),34,50,417,12.3,40,10,1,0,0,0,0,13,47.7,3.7,0.70%,2022,WR
90,Trenton Irwin (CIN),15,23,231,15.4,45,6,4,1,11,0,0,9,48.2,5.4,0.20%,2022,WR
89,Jamal Agnew (JAC),23,30,187,8.1,24,1,3,12,86,0,0,15,49.3,3.3,0.70%,2022,WR
88,Elijah Moore (CLE),37,65,446,12.1,42,10,1,5,5,0,0,16,51.1,3.2,46.60%,2022,WR
87,Quez Watkins (PHI),33,51,354,10.7,53,12,3,3,1,0,1,17,51.5,3,0.80%,2022,WR
86,Allen Robinson II (PIT),33,52,339,10.3,29,3,3,0,0,0,0,10,51.9,5.2,4.00%,2022,WR
85,Kendrick Bourne (NE),35,48,434,12.4,41,9,1,6,39,0,0,16,53.3,3.3,0.80%,2022,WR
84,Trent Sherfield (BUF),30,51,417,13.9,75,9,2,0,0,0,0,16,53.7,3.4,0.20%,2022,WR
83,Van Jefferson (LAR),24,44,369,15.4,39,9,3,0,0,0,0,10,54.9,5.5,4.70%,2022,WR
82,Terrace Marshall Jr. (CAR),28,47,490,17.5,43,17,1,0,0,0,0,13,55,4.2,2.00%,2022,WR
81,Treylon Burks (TEN),33,54,444,13.5,51,17,1,4,47,0,0,11,55.1,5,83.90%,2022,WR
80,Demarcus Robinson (LAR),48,75,458,9.5,31,5,2,0,0,0,1,16,55.8,3.5,0.30%,2022,WR
79,Nick Westbrook-Ikhine (TEN),25,50,397,15.9,63,11,3,0,0,0,0,16,57.7,3.6,0.80%,2022,WR
78,Chase Claypool (CHI),46,79,451,9.8,31,8,1,9,59,0,1,15,59,3.9,13.20%,2022,WR
77,Romeo Doubs (GB),42,67,425,10.1,26,7,3,1,11,0,1,13,59.6,4.6,19.30%,2022,WR
76,Nico Collins (HOU),37,66,481,13,58,11,2,0,0,0,0,10,60.1,6,40.30%,2022,WR
75,Greg Dortch (ARI),52,64,467,9,47,8,2,7,44,0,1,16,61.1,3.8,1.20%,2022,WR
74,Darnell Mooney (CHI),40,61,493,12.3,56,12,2,1,2,0,0,11,61.5,5.6,46.50%,2022,WR
73,Robert Woods (HOU),53,91,527,9.9,41,6,2,0,0,0,1,17,62.7,3.7,4.60%,2022,WR
71,Isaiah Hodgins (NYG),37,48,392,10.6,29,4,4,0,0,0,1,9,63.2,7,5.00%,2022,WR
72,Marquise Goodwin (CLE),27,42,387,14.3,38,10,4,2,5,0,0,13,63.2,4.9,0.60%,2022,WR
70,Corey Davis (NYJ),32,64,536,16.8,66,13,2,0,0,0,0,13,65.6,5,2.00%,2022,WR
69,Josh Reynolds (DET),38,59,479,12.6,31,9,3,0,0,0,0,12,65.9,5.5,0.80%,2022,WR
68,DeAndre Carter (LV),46,65,538,11.7,35,15,3,2,-15,0,2,17,66.3,3.9,0.60%,2022,WR
67,Michael Gallup (DAL),39,74,424,10.9,27,4,4,0,0,0,0,14,66.4,4.7,50.30%,2022,WR
66,Chris Moore (TEN),48,74,548,11.4,52,16,2,3,3,0,0,15,67.1,4.5,0.60%,2022,WR
65,DJ Chark Jr. (CAR),30,52,502,16.7,51,17,3,0,0,0,0,11,68.2,6.2,54.10%,2022,WR
64,Mecole Hardman Jr. (NYJ),25,34,297,11.9,36,8,4,4,31,2,0,8,68.8,8.6,7.40%,2022,WR
63,Kalif Raymond (DET),47,64,616,13.1,56,17,0,7,36,0,1,17,69.2,4.1,0.70%,2022,WR
62,Olamide Zaccheaus (PHI),40,61,533,13.3,45,14,3,2,7,0,1,17,70,4.1,0.60%,2022,WR
61,Marvin Jones Jr. (DET),46,81,529,11.5,37,8,3,0,0,0,0,16,70.9,4.4,2.90%,2022,WR
60,Alec Pierce (IND),41,78,593,14.5,47,16,2,0,0,0,0,16,71.3,4.5,7.10%,2022,WR
59,Noah Brown (HOU),43,74,555,12.9,51,12,3,0,0,0,1,16,71.5,4.5,0.60%,2022,WR
58,DeVante Parker (NE),31,47,539,17.4,43,18,3,0,0,0,0,13,71.9,5.5,2.80%,2022,WR
57,Rashid Shaheed (NO),28,34,488,17.4,68,19,2,4,57,1,0,12,72.5,6,14.70%,2022,WR
56,Russell Gage (TB),51,70,426,8.4,23,3,5,0,0,0,1,13,72.6,5.6,1.50%,2022,WR
55,Richie James Jr. (KC),57,70,569,10,33,4,4,2,6,0,3,16,75.5,4.7,2.30%,2022,WR
54,Isaiah McKenzie (IND),42,66,423,10.1,30,5,4,9,55,1,0,16,77.8,4.9,1.30%,2022,WR
53,Devin Duvernay (BAL),37,49,407,11,31,7,3,12,84,1,0,14,79.1,5.7,1.20%,2022,WR
52,Marquez Valdes-Scantling (KC),42,81,687,16.4,57,22,2,1,-3,0,0,17,80.4,4.7,13.20%,2022,WR
51,Darius Slayton (NYG),46,71,724,15.7,55,24,2,0,0,0,1,13,82.4,6.3,2.60%,2022,WR
50,Parris Campbell (NYG),63,91,623,9.9,49,13,3,5,58,0,0,17,86.1,5.1,4.90%,2022,WR
49,DeAndre Hopkins (TEN),64,96,717,11.2,33,10,3,0,0,0,1,9,87.7,9.7,97.10%,2022,WR
48,Brandin Cooks (DAL),57,93,699,12.3,44,22,3,2,7,0,0,13,88.6,6.8,87.30%,2022,WR
47,Marquise Brown (ARI),67,107,709,10.6,47,11,3,1,1,0,0,12,89,7.4,89.60%,2022,WR
46,Diontae Johnson (PIT),86,147,882,10.3,37,10,0,7,25,0,0,17,94.7,5.6,92.30%,2022,WR
45,Courtland Sutton (DEN),64,109,829,13,51,18,2,1,5,0,0,15,95.4,6.4,73.80%,2022,WR
43,K.J. Osborn (MIN),60,90,650,10.8,66,13,5,3,6,0,0,17,95.6,5.6,15.80%,2022,WR
44,Jahan Dotson (WAS),35,61,523,14.9,61,17,7,2,-7,0,0,12,95.6,8,86.90%,2022,WR
42,Mack Hollins (ATL),57,94,690,12.1,60,15,4,4,40,0,0,17,97.2,5.7,1.50%,2022,WR
41,Joshua Palmer (LAC),72,107,769,10.7,50,12,3,1,4,0,0,16,97.3,6.1,3.60%,2022,WR
40,Keenan Allen (LAC),66,89,752,11.4,46,14,4,1,8,0,1,10,98,9.8,97.60%,2022,WR
39,Donovan Peoples-Jones (CLE),61,96,839,13.8,42,21,3,1,2,0,1,17,106.1,6.2,16.80%,2022,WR
38,Drake London (ATL),72,117,866,12,40,15,4,0,0,0,3,17,106.6,6.3,91.90%,2022,WR
37,JuJu Smith-Schuster (NE),78,101,933,12,53,18,3,0,0,0,2,16,107.3,6.7,75.30%,2022,WR
36,Adam Thielen (CAR),70,107,716,10.2,36,8,6,1,4,0,0,17,110,6.5,61.70%,2022,WR
35,Curtis Samuel (WAS),64,92,656,10.3,49,13,4,38,187,1,1,17,112.3,6.6,9.40%,2022,WR
34,Deebo Samuel (SF),56,94,632,11.3,57,11,2,42,232,3,2,13,112.4,8.6,98.70%,2022,WR
33,Jakobi Meyers (LV),67,96,804,12,48,18,6,2,-11,0,2,14,113.3,8.1,67.80%,2022,WR
32,Mike Williams (LAC),63,93,895,14.2,55,20,4,0,0,0,0,13,113.5,8.7,92.30%,2022,WR
31,George Pickens (PIT),52,84,801,15.4,42,25,4,3,24,1,0,17,114.5,6.7,89.20%,2022,WR
30,Allen Lazard (NYJ),60,100,788,13.1,47,20,6,2,0,0,0,15,114.8,7.7,65.50%,2022,WR
29,Zay Jones (JAC),82,121,823,10,59,10,5,4,18,0,0,16,116.1,7.3,39.00%,2022,WR
28,Tyler Boyd (CIN),59,83,776,13.2,60,18,6,0,0,0,0,17,116.5,6.9,48.40%,2022,WR
27,Michael Pittman Jr. (IND),99,141,925,9.3,28,8,4,3,30,0,1,16,117.5,7.3,91.50%,2022,WR
26,Chris Godwin (TB),104,142,"1,023",9.8,44,13,3,3,5,0,2,15,118.8,7.9,94.70%,2022,WR
25,Christian Watson (GB),41,65,611,14.9,63,17,7,7,80,2,0,14,123.1,8.8,94.10%,2022,WR
24,Gabe Davis (BUF),48,93,836,17.4,98,20,7,0,0,0,1,15,123.6,8.2,86.60%,2022,WR
23,Chris Olave (NO),72,119,"1,042",14.5,53,25,4,0,0,0,2,15,126.2,8.4,98.40%,2022,WR
22,Cooper Kupp (LAR),75,98,812,10.8,75,18,6,9,52,1,1,9,126.4,14,99.90%,2022,WR
21,Garrett Wilson (NYJ),83,147,"1,103",13.3,60,27,4,4,4,0,1,17,132.7,7.8,99.80%,2022,WR
20,DJ Moore (CHI),63,118,888,14.1,62,27,7,10,53,0,0,17,136.1,8,95.50%,2022,WR
19,DK Metcalf (SEA),90,141,"1,048",11.6,54,20,6,0,0,0,2,17,136.8,8,99.30%,2022,WR
18,Jerry Jeudy (DEN),67,100,972,14.5,67,31,6,4,40,0,0,15,137.2,9.1,93.60%,2022,WR
17,Tee Higgins (CIN),75,110,"1,042",13.9,59,24,7,0,0,0,0,15,148.2,9.9,99.80%,2022,WR
16,Mike Evans (TB),77,127,"1,124",14.6,63,34,6,0,0,0,0,15,148.4,9.9,93.90%,2022,WR
15,Brandon Aiyuk (SF),78,114,"1,015",13,54,23,8,2,23,0,1,17,149.8,8.8,91.90%,2022,WR
14,Terry McLaurin (WAS),77,120,"1,191",15.5,52,34,5,7,29,0,0,17,152,8.9,95.80%,2022,WR
13,Tyler Lockett (SEA),84,117,"1,033",12.3,40,23,9,0,0,0,2,16,153.3,9.6,93.90%,2022,WR
12,Ja'Marr Chase (CIN),87,134,"1,046",12,60,22,9,5,8,0,2,13,155.4,12,100.00%,2022,WR
11,Christian Kirk (JAC),84,133,"1,108",13.2,49,27,8,5,11,0,1,17,157.9,9.3,90.80%,2022,WR
10,DeVonta Smith (PHI),95,136,"1,196",12.6,45,30,7,0,0,0,1,17,159.6,9.4,99.20%,2022,WR
9,Amon-Ra St. Brown (DET),106,146,"1,161",11,49,15,6,9,95,0,0,16,161.6,10.1,99.90%,2022,WR
8,Amari Cooper (CLE),78,132,"1,160",14.9,55,31,9,0,0,0,0,17,169,9.9,97.50%,2022,WR
7,Jaylen Waddle (MIA),75,117,"1,356",18.1,84,41,8,3,26,0,1,17,184.2,10.8,99.90%,2022,WR
6,CeeDee Lamb (DAL),107,156,"1,359",12.7,39,30,9,10,47,0,0,17,194.6,11.4,99.90%,2022,WR
5,Stefon Diggs (BUF),110,156,"1,455",13.2,53,35,11,1,-3,0,0,17,211.2,12.4,99.90%,2022,WR
4,A.J. Brown (PHI),88,145,"1,496",17,78,45,11,0,0,0,2,17,211.6,12.4,99.90%,2022,WR
3,Tyreek Hill (MIA),119,170,"1,710",14.4,64,45,7,7,32,1,0,17,222.2,13.1,100.00%,2022,WR
2,Davante Adams (LV),100,180,"1,516",15.2,60,47,14,3,-1,0,0,17,235.5,13.9,99.90%,2022,WR
1,Justin Jefferson (MIN),128,184,"1,809",14.1,64,49,8,4,24,1,0,17,240.6,14.2,100.00%,2022,WR
139,JuJu Smith-Schuster (NE),15,28,129,8.6,24,1,0,3,9,1,0,5,19.8,4,75.20%,2021,WR
138,James Proche II (BAL),16,20,202,12.6,32,3,0,0,0,0,0,7,20.2,2.9,0.10%,2021,WR
137,Parris Campbell (NYG),10,20,162,16.2,51,6,1,0,0,0,0,6,22.2,3.7,4.90%,2021,WR
136,Breshad Perriman (IND),11,18,167,15.2,58,7,1,1,-3,0,0,5,22.4,4.5,0.00%,2021,WR
134,Tajae Sharpe (FA),25,37,230,9.2,17,0,0,0,0,0,0,14,23,1.6,0.00%,2021,WR
135,Albert Wilson (FA),25,39,213,8.5,64,4,0,4,17,0,0,10,23,2.3,0.00%,2021,WR
133,Anthony Schwartz (CLE),10,23,135,13.5,44,3,1,6,39,0,0,13,23.4,1.8,0.10%,2021,WR
132,Kendall Hinton (DEN),15,23,175,11.7,40,4,1,0,0,0,0,11,23.5,2.1,0.10%,2021,WR
131,Ihmir Smith-Marsette (KC),5,6,116,23.2,44,6,2,0,0,0,0,6,23.6,3.9,0.00%,2021,WR
130,Ray-Ray McCloud III (SF),39,66,277,7.1,24,2,0,2,15,0,1,16,27.2,1.7,0.60%,2021,WR
128,DJ Chark Jr. (CAR),7,22,154,22,41,5,2,0,0,0,0,3,27.4,9.1,54.00%,2021,WR
129,Tavon Austin (FA),24,38,213,8.9,25,2,1,3,21,0,1,12,27.4,2.3,0.00%,2021,WR
127,Greg Ward (PHI),7,11,95,13.6,27,1,3,0,0,0,0,10,27.6,2.8,0.10%,2021,WR
126,Isaiah Ford (CHI),12,16,161,13.4,52,5,2,0,0,0,0,9,28.1,3.1,0.00%,2021,WR
125,Jakeem Grant Sr. (CLE),11,17,132,12,46,5,2,5,33,0,3,15,28.5,1.9,0.10%,2021,WR
124,John Ross (FA),11,20,224,20.4,51,5,1,1,16,0,0,9,30,3.3,0.10%,2021,WR
123,Brandon Zylstra (FA),18,25,250,13.9,55,7,1,0,0,0,0,12,31,2.6,0.00%,2021,WR
121,Ashton Dulin (IND),13,22,173,13.3,62,5,2,3,32,0,0,16,32.5,2,0.10%,2021,WR
122,Isaiah McKenzie (IND),20,26,178,8.9,28,1,1,9,47,1,1,15,32.5,2.2,1.30%,2021,WR
120,Malik Turner (IND),12,16,149,12.4,61,4,3,0,0,0,0,7,32.9,4.7,0.00%,2021,WR
119,Rashard Higgins (FA),24,47,275,11.5,21,1,1,0,0,0,0,12,33.5,2.8,0.00%,2021,WR
118,Cam Sims (LV),15,23,211,14.1,43,4,2,1,7,0,0,12,33.8,2.8,0.00%,2021,WR
117,Quintez Cephus (DET),15,22,204,13.6,46,8,2,0,0,0,0,5,34.4,6.9,0.00%,2021,WR
116,Cyril Grayson Jr. (FA),10,12,212,21.2,62,11,2,1,14,0,0,3,34.6,11.5,0.00%,2021,WR
115,Chris Moore (TEN),21,22,227,10.8,67,7,2,0,0,0,0,10,34.7,3.5,0.60%,2021,WR
114,Chester Rogers (FA),30,43,301,10,39,4,1,1,9,0,1,16,35,2.2,0.00%,2021,WR
113,Tyler Johnson (LAR),36,55,360,10,31,6,0,0,0,0,0,16,36,2.3,0.00%,2021,WR
112,Lil'Jordan Humphrey (DEN),13,18,249,19.2,56,9,2,0,0,0,0,8,36.9,4.6,0.00%,2021,WR
111,Marquise Goodwin (CLE),20,40,313,15.7,50,10,1,2,-1,0,0,14,37.2,2.7,0.60%,2021,WR
110,Adam Humphries (FA),41,62,383,9.3,27,4,0,0,0,0,0,17,38.3,2.3,1.00%,2021,WR
109,Antoine Wesley (FA),19,32,208,10.9,33,5,3,0,0,0,0,8,38.8,4.9,0.00%,2021,WR
108,Damiere Byrd (CAR),26,38,329,12.7,54,6,1,0,0,0,1,11,38.9,3.5,0.00%,2021,WR
107,Calvin Ridley (JAC),31,52,281,9.1,22,3,2,0,0,0,0,5,40.1,8,94.90%,2021,WR
106,Sterling Shepard (NYG),36,53,366,10.2,37,5,1,1,-9,0,0,7,41.7,6,1.00%,2021,WR
105,James Washington (NO),24,44,285,11.9,42,8,2,2,13,0,0,15,41.8,2.8,0.10%,2021,WR
103,Chris Conley (SF),22,37,323,14.7,41,10,2,1,3,0,1,14,42.6,3,0.10%,2021,WR
104,Darius Slayton (NYG),26,58,339,13,42,7,2,1,-13,0,1,13,42.6,3.3,2.60%,2021,WR
101,Sammy Watkins (FA),27,49,394,14.6,49,9,1,0,0,0,1,11,43.4,3.9,1.60%,2021,WR
102,Kadarius Toney (KC),39,57,420,10.8,38,7,0,3,6,0,0,9,43.4,4.8,77.60%,2021,WR
100,Devin Duvernay (BAL),33,47,272,8.2,21,1,2,7,50,0,0,16,44.2,2.8,1.20%,2021,WR
99,Demarcus Robinson (LAR),25,41,264,10.6,33,4,3,0,0,0,0,15,44.4,3,0.30%,2021,WR
98,Danny Amendola (FA),24,38,248,10.3,39,6,3,0,0,0,0,8,44.8,5.6,0.00%,2021,WR
97,Jalen Reagor (MIN),33,57,299,9.1,34,5,2,10,32,0,0,17,45.1,2.7,0.20%,2021,WR
96,Mack Hollins (ATL),14,28,223,15.9,65,9,4,0,0,0,0,16,46.3,2.9,1.50%,2021,WR
95,Jerry Jeudy (DEN),38,56,467,12.3,40,10,0,2,3,0,0,10,47,4.7,93.60%,2021,WR
94,Allen Robinson II (PIT),38,66,410,10.8,39,6,1,0,0,0,0,12,49,4.1,4.00%,2021,WR
92,Julio Jones (FA),31,48,434,14,51,9,1,0,0,0,0,10,49.4,4.9,7.20%,2021,WR
93,Laquon Treadwell (BAL),33,51,434,13.2,41,10,1,0,0,0,0,12,49.4,4.1,0.10%,2021,WR
91,Nico Collins (HOU),33,60,446,13.5,32,11,1,0,0,0,0,14,50.6,3.6,39.70%,2021,WR
90,Keelan Cole Sr. (LV),28,51,449,16,54,12,1,0,0,0,0,14,50.9,3.6,0.00%,2021,WR
89,T.Y. Hilton (FA),23,37,331,14.4,52,11,3,0,0,0,0,10,51.1,5.1,3.00%,2021,WR
88,Josh Reynolds (DET),29,49,396,13.7,39,7,2,0,0,0,0,11,51.6,4.7,0.80%,2021,WR
87,Jamal Agnew (JAC),24,39,229,9.5,29,4,1,7,111,1,0,12,52,4.3,0.70%,2021,WR
86,Kenny Golladay (FA),37,76,521,14.1,36,6,0,0,0,0,0,14,52.1,3.7,2.10%,2021,WR
85,Rondale Moore (ARI),54,64,435,8.1,77,7,1,18,76,0,1,14,55.1,3.9,49.70%,2021,WR
84,Tre'Quan Smith (NO),32,50,377,11.8,34,7,3,0,0,0,0,10,55.7,5.6,0.20%,2021,WR
83,DeSean Jackson (FA),20,34,454,22.7,75,19,2,1,4,0,1,14,55.8,4,1.00%,2021,WR
81,Michael Gallup (DAL),35,62,445,12.7,41,11,2,0,0,0,0,9,56.5,6.3,50.20%,2021,WR
82,Zach Pascal (ARI),38,69,384,10.1,41,9,3,2,21,0,1,16,56.5,3.5,0.10%,2021,WR
80,Rashod Bateman (BAL),46,68,515,11.2,36,12,1,0,0,0,0,12,57.5,4.8,39.20%,2021,WR
79,Jauan Jennings (SF),24,38,282,11.8,34,5,5,0,0,0,0,13,58.2,4.5,0.50%,2021,WR
78,Jamison Crowder (NYG),51,71,447,8.8,29,3,2,0,0,0,1,12,58.7,4.9,0.20%,2021,WR
77,Olamide Zaccheaus (PHI),31,53,406,13.1,49,9,3,1,2,0,0,15,58.8,3.9,0.60%,2021,WR
76,Zay Jones (JAC),47,70,546,11.6,43,14,1,2,3,0,1,15,58.9,3.9,38.30%,2021,WR
75,Joshua Palmer (LAC),33,49,353,10.7,36,4,4,1,6,0,0,15,59.9,4,3.60%,2021,WR
74,Henry Ruggs III (FA),24,36,469,19.5,61,21,2,3,16,0,0,7,60.5,8.6,10.90%,2021,WR
73,Marquez Valdes-Scantling (KC),26,55,430,16.5,75,17,3,0,0,0,0,11,61,5.5,13.20%,2021,WR
72,Freddie Swain (MIA),25,40,343,13.7,68,13,4,5,32,0,0,17,61.5,3.6,0.00%,2021,WR
71,DeAndre Carter (LV),24,44,296,12.3,26,5,3,10,89,0,0,17,62.5,3.7,0.60%,2021,WR
70,DeVante Parker (NE),40,73,515,12.9,42,11,2,0,0,0,0,10,63.5,6.4,2.80%,2021,WR
69,Laviska Shenault Jr. (CAR),63,100,619,9.8,58,11,0,11,41,0,1,16,64,4,0.70%,2021,WR
68,Randall Cobb (NYJ),28,39,375,13.4,54,11,5,1,1,0,1,11,65.6,6,0.70%,2021,WR
67,Jalen Guyton (LAC),31,48,448,14.5,59,10,3,7,34,0,0,16,66.2,4.1,0.10%,2021,WR
66,Nelson Agholor (BAL),37,64,473,12.8,44,12,3,3,11,0,0,15,66.4,4.4,0.70%,2021,WR
65,Nick Westbrook-Ikhine (TEN),38,57,476,12.5,46,8,4,0,0,0,1,15,69.6,4.6,0.80%,2021,WR
64,Corey Davis (NYJ),34,59,492,14.5,53,14,4,0,0,0,1,9,71.2,7.9,2.00%,2021,WR
63,Quez Watkins (PHI),43,62,647,15,91,22,1,1,3,0,0,17,73,4.3,0.80%,2021,WR
61,Braxton Berrios (MIA),46,65,431,9.4,46,7,2,7,40,2,1,16,75.1,4.7,0.90%,2021,WR
62,Bryan Edwards (NO),34,59,571,16.8,51,19,3,1,0,0,0,16,75.1,4.7,0.10%,2021,WR
60,Donovan Peoples-Jones (CLE),34,58,597,17.6,60,22,3,0,0,0,1,14,75.7,5.4,16.30%,2021,WR
59,Deonte Harty (BUF),36,59,570,15.8,72,16,3,5,41,0,1,13,77.1,5.9,0.20%,2021,WR
58,Cole Beasley (NYG),82,112,693,8.5,29,5,1,0,0,0,0,16,77.3,4.8,0.10%,2021,WR
57,Antonio Brown (FA),42,62,545,13,62,15,4,1,6,0,0,7,79.1,11.3,0.20%,2021,WR
56,Jarvis Landry (FA),52,87,570,11,38,10,2,6,40,2,2,12,81,6.8,7.10%,2021,WR
55,Mecole Hardman Jr. (NYJ),59,83,693,11.7,53,17,2,8,46,0,2,17,81.9,4.8,7.40%,2021,WR
54,Kalif Raymond (DET),48,71,576,12,75,12,4,4,28,0,0,16,84.4,5.3,0.70%,2021,WR
53,Byron Pringle (WAS),42,60,568,13.5,40,14,5,0,0,0,1,16,84.8,5.3,0.00%,2021,WR
52,Odell Beckham Jr. (BAL),44,82,537,12.2,54,12,5,2,14,0,0,14,85.1,6.1,84.90%,2021,WR
51,Robbie Chosen (MIA),53,110,519,9.8,57,6,5,3,36,0,0,17,85.5,5,0.70%,2021,WR
50,Emmanuel Sanders (FA),42,72,626,14.9,41,15,4,2,31,0,0,14,89.7,6.4,0.00%,2021,WR
49,Gabe Davis (BUF),35,63,549,15.7,49,17,6,0,0,0,0,15,90.9,6.1,86.50%,2021,WR
47,Courtland Sutton (DEN),58,98,776,13.4,55,19,2,0,0,0,0,17,92.2,5.4,73.30%,2021,WR
48,Robert Woods (HOU),45,69,556,12.4,28,8,4,8,46,1,0,9,92.2,10.2,4.50%,2021,WR
46,Elijah Moore (CLE),43,77,538,12.5,62,12,5,5,54,1,0,11,95.2,8.7,47.50%,2021,WR
45,Russell Gage (TB),66,94,770,11.7,49,11,4,0,0,0,2,13,97,7.5,1.50%,2021,WR
44,Allen Lazard (NYJ),40,60,513,12.8,42,12,8,3,32,0,0,14,102.5,7.3,64.50%,2021,WR
42,Cedrick Wilson Jr. (MIA),45,61,602,13.4,73,16,6,2,11,0,0,14,102.8,7.3,0.20%,2021,WR
43,A.J. Green (FA),54,92,848,15.7,42,28,3,0,0,0,0,16,102.8,6.4,0.60%,2021,WR
41,Jakobi Meyers (LV),83,126,866,10.4,39,14,2,1,9,0,1,16,103.3,6.5,67.10%,2021,WR
40,Tim Patrick (DEN),53,85,734,13.8,44,15,5,0,0,0,0,16,103.4,6.5,3.00%,2021,WR
39,DeAndre Hopkins (TEN),42,64,572,13.6,55,13,8,0,0,0,0,10,105.2,10.5,96.60%,2021,WR
38,Marquez Callaway (DEN),46,84,698,15.2,58,18,6,0,0,0,0,17,105.8,6.2,0.10%,2021,WR
37,Marvin Jones Jr. (DET),73,120,832,11.4,33,15,4,0,0,0,0,17,107.2,6.3,2.90%,2021,WR
36,Chase Claypool (CHI),59,105,860,14.6,59,26,2,14,96,0,0,15,107.6,7.2,13.20%,2021,WR
35,K.J. Osborn (MIN),50,82,655,13.1,64,18,7,1,10,0,0,17,108.5,6.4,16.20%,2021,WR
34,Brandon Aiyuk (SF),56,84,826,14.8,43,23,5,5,17,0,1,17,114.3,6.7,91.80%,2021,WR
33,Tyler Boyd (CIN),67,94,828,12.4,68,18,5,2,22,0,0,16,116.8,7.3,48.10%,2021,WR
32,A.J. Brown (PHI),63,105,869,13.8,57,17,5,2,10,0,0,13,117.9,9.1,99.90%,2021,WR
31,Van Jefferson (LAR),50,89,802,16,79,26,6,2,20,0,0,17,118.2,7,4.80%,2021,WR
30,DeVonta Smith (PHI),64,104,916,14.3,46,22,5,0,0,0,1,17,121.6,7.2,99.20%,2021,WR
29,Kendrick Bourne (NE),55,70,800,14.5,75,22,5,12,125,0,1,17,125.5,7.4,0.80%,2021,WR
28,Christian Kirk (JAC),77,103,982,12.8,50,28,5,1,11,0,0,17,130.6,7.7,90.80%,2021,WR
27,Adam Thielen (CAR),67,95,726,10.8,35,16,10,1,2,0,0,13,132.8,10.2,61.10%,2021,WR
26,Amari Cooper (CLE),68,104,865,12.7,41,20,8,0,0,0,0,15,134.5,9,97.50%,2021,WR
25,Marquise Brown (ARI),91,146,"1,008",11.1,49,24,6,1,5,0,1,16,135.3,8.5,89.50%,2021,WR
24,Terry McLaurin (WAS),77,130,"1,053",13.7,46,27,5,1,12,0,0,17,136.5,8,95.70%,2021,WR
23,Amon-Ra St. Brown (DET),90,119,912,10.1,37,15,5,7,61,1,0,16,137.3,8.6,99.90%,2021,WR
22,Darnell Mooney (CHI),81,140,"1,055",13,64,26,4,6,32,1,0,17,138.7,8.2,46.40%,2021,WR
20,Brandin Cooks (DAL),90,134,"1,037",11.5,52,24,6,2,21,0,0,16,141.8,8.9,87.20%,2021,WR
21,Jaylen Waddle (MIA),104,140,"1,015",9.8,57,15,6,2,3,1,1,16,141.8,8.9,99.90%,2021,WR
19,Chris Godwin (TB),98,127,"1,103",11.3,44,19,5,4,21,1,2,14,144.4,10.3,94.70%,2021,WR
18,DJ Moore (CHI),93,163,"1,157",12.4,64,20,4,8,48,0,1,17,144.5,8.5,95.40%,2021,WR
17,Tee Higgins (CIN),74,110,"1,091",14.7,54,25,6,0,0,0,1,14,145.1,10.4,99.80%,2021,WR
16,Michael Pittman Jr. (IND),88,129,"1,082",12.3,57,20,6,5,44,0,0,17,150.6,8.9,91.40%,2021,WR
15,Keenan Allen (LAC),106,157,"1,138",10.7,42,19,6,0,0,0,0,16,151.8,9.5,97.60%,2021,WR
14,CeeDee Lamb (DAL),79,120,"1,102",13.9,49,31,6,9,76,0,0,16,153.8,9.6,99.90%,2021,WR
13,Hunter Renfrow (LV),103,128,"1,038",10.1,54,14,9,3,3,0,1,17,156.1,9.2,9.90%,2021,WR
12,Diontae Johnson (PIT),107,169,"1,161",10.9,50,27,8,5,53,0,2,16,167.4,10.5,92.30%,2021,WR
11,Tyler Lockett (SEA),73,107,"1,175",16.1,69,43,8,2,9,0,0,16,168.4,10.5,93.90%,2021,WR
10,DK Metcalf (SEA),75,129,967,12.9,84,19,12,1,6,0,0,17,169.3,10,99.30%,2021,WR
9,Mike Williams (LAC),76,129,"1,146",15.1,72,37,9,0,0,0,0,16,170.6,10.7,92.20%,2021,WR
8,Stefon Diggs (BUF),103,164,"1,225",11.9,61,24,10,0,0,0,0,17,182.5,10.7,99.90%,2021,WR
7,Tyreek Hill (MIA),111,159,"1,239",11.2,75,24,9,9,96,0,1,17,185.5,10.9,100.00%,2021,WR
6,Mike Evans (TB),74,114,"1,035",14,46,30,14,1,10,0,0,16,188.5,11.8,93.80%,2021,WR
5,Davante Adams (LV),123,169,"1,553",12.6,59,37,11,0,0,0,0,16,221.3,13.8,99.90%,2021,WR
4,Justin Jefferson (MIN),108,167,"1,616",15,56,45,10,6,14,0,1,17,222.4,13.1,100.00%,2021,WR
3,Ja'Marr Chase (CIN),81,128,"1,455",18,82,49,13,7,21,0,1,17,223.6,13.2,100.00%,2021,WR
2,Deebo Samuel (SF),77,121,"1,405",18.2,83,53,6,59,365,8,2,16,262,16.4,98.70%,2021,WR
1,Cooper Kupp (LAR),145,191,"1,947",13.4,59,57,16,4,18,0,0,17,294.5,17.3,99.90%,2021,WR
135,Kenny Stills (FA),11,19,144,13.1,24,2,1,0,0,0,0,10,20.4,2,0.00%,2020,WR
134,Gunner Olszewski (PIT),5,5,62,12.4,38,2,1,5,23,0,0,13,20.5,1.6,0.10%,2020,WR
133,Bisi Johnson (FA),14,19,189,13.5,29,3,0,0,0,0,0,16,20.9,1.3,0.00%,2020,WR
132,Marquez Callaway (DEN),21,27,213,10.1,27,1,0,0,0,0,0,11,21.3,1.9,0.10%,2020,WR
131,Mack Hollins (ATL),16,25,176,11,34,3,1,0,0,0,1,16,21.6,1.4,1.50%,2020,WR
130,Zay Jones (JAC),14,20,154,11,37,2,1,0,0,0,0,16,22.6,1.4,38.30%,2020,WR
129,Bryan Edwards (NO),11,15,193,17.5,34,6,1,0,0,0,0,12,25.3,2.1,0.10%,2020,WR
128,Marcus Johnson (FA),14,28,255,18.2,55,10,0,0,0,0,0,11,25.5,2.3,0.00%,2020,WR
127,Lynn Bowden Jr. (NO),28,37,211,7.5,22,1,0,9,32,0,0,10,25.6,2.6,0.00%,2020,WR
126,Mohamed Sanu Sr. (FA),17,24,187,11,21,3,1,1,3,0,0,10,27,2.7,0.00%,2020,WR
125,Isaiah Ford (CHI),28,44,276,9.9,18,0,0,0,0,0,0,10,27.6,2.8,0.00%,2020,WR
124,Deonte Harty (BUF),20,25,186,9.3,40,3,1,6,51,0,1,9,27.7,3.1,0.20%,2020,WR
122,Van Jefferson (LAR),19,31,220,11.6,31,3,1,1,-1,0,0,16,27.9,1.7,4.80%,2020,WR
123,Freddie Swain (MIA),13,21,159,12.2,23,3,2,0,0,0,0,16,27.9,1.7,0.00%,2020,WR
121,Byron Pringle (WAS),13,17,160,12.3,37,5,1,0,0,0,0,12,28,2.3,0.00%,2020,WR
120,Dontrelle Inman (FA),18,28,163,9.1,17,0,2,0,0,0,0,10,28.3,2.8,0.00%,2020,WR
119,Tyler Johnson (LAR),12,17,169,14.1,35,5,2,0,0,0,0,14,28.9,2.1,0.00%,2020,WR
118,Chad Hansen (FA),17,24,236,13.9,38,4,1,0,0,0,0,5,29.6,5.9,0.00%,2020,WR
117,Chad Beebe (FA),20,30,201,10.1,40,3,2,0,0,0,1,14,30.1,2.2,0.00%,2020,WR
116,Steven Sims Jr. (HOU),27,37,265,9.8,30,4,1,1,18,0,2,12,30.3,2.5,0.00%,2020,WR
115,DeSean Jackson (FA),14,26,236,16.9,81,6,1,1,12,0,0,5,30.8,6.2,1.00%,2020,WR
114,Devin Duvernay (BAL),20,26,201,10.1,39,2,0,4,70,0,0,16,33.1,2.1,1.20%,2020,WR
113,Olamide Zaccheaus (PHI),20,32,274,13.7,51,7,1,1,0,0,0,11,33.4,3,0.60%,2020,WR
112,Andy Isabella (BUF),21,35,224,10.7,54,6,2,1,-6,0,0,13,33.8,2.6,0.00%,2020,WR
111,Cedrick Wilson Jr. (MIA),17,28,189,11.1,42,6,2,3,-12,0,0,16,34.6,2.2,0.20%,2020,WR
110,Adam Humphries (FA),23,35,228,9.9,23,2,2,1,0,0,0,7,34.8,5,1.00%,2020,WR
109,Julian Edelman (FA),21,39,315,15,49,6,0,2,22,0,0,6,35.2,5.9,12.10%,2020,WR
108,Denzel Mims (DET),23,44,357,15.5,30,7,0,0,0,0,0,9,37.7,4.2,0.60%,2020,WR
107,DaeSean Hamilton (FA),23,44,293,12.7,40,4,2,0,0,0,1,16,39.3,2.5,0.00%,2020,WR
106,N'Keal Harry (FA),33,57,309,9.4,30,3,2,2,0,0,1,14,40.9,2.9,0.00%,2020,WR
105,Collin Johnson (NYG),18,31,272,15.1,46,8,2,0,0,0,0,14,41.2,2.9,0.00%,2020,WR
104,Richie James Jr. (KC),23,35,394,17.1,47,15,1,0,0,0,2,11,41.4,3.8,2.30%,2020,WR
103,Marvin Hall (FA),18,32,302,16.8,73,10,2,1,1,0,0,12,42.3,3.5,0.00%,2020,WR
102,Michael Thomas (NO),40,55,438,11,24,5,0,1,1,0,0,7,43.9,6.3,85.90%,2020,WR
101,Donovan Peoples-Jones (CLE),14,20,304,21.7,75,9,2,0,0,0,0,12,44.4,3.7,16.30%,2020,WR
100,Kenny Golladay (FA),20,32,338,16.9,48,7,2,0,0,0,0,5,45.8,9.2,2.10%,2020,WR
98,Larry Fitzgerald (FA),54,72,409,7.6,18,0,1,0,0,0,0,13,46.9,3.6,0.20%,2020,WR
99,Quintez Cephus (DET),20,35,349,17.5,49,12,2,0,0,0,0,13,46.9,3.6,0.00%,2020,WR
97,Deebo Samuel (SF),33,44,391,11.8,35,10,1,8,26,0,0,7,47.7,6.8,98.70%,2020,WR
96,Miles Boykin (PIT),19,33,266,14,43,6,4,0,0,0,0,16,50.6,3.2,0.10%,2020,WR
95,Jakeem Grant Sr. (CLE),36,54,373,10.4,30,4,1,3,20,0,0,14,51.3,3.7,0.10%,2020,WR
94,Sammy Watkins (FA),37,55,421,11.4,37,5,2,1,3,0,1,10,51.4,5.1,1.60%,2020,WR
93,Golden Tate (FA),35,52,388,11.1,39,8,2,0,0,0,0,12,51.5,4.3,0.00%,2020,WR
92,Keke Coutee (NO),33,40,400,12.1,64,8,3,0,0,0,3,8,54,6.8,0.00%,2020,WR
91,Cam Sims (LV),32,48,477,14.9,50,18,1,1,5,0,0,16,54.2,3.4,0.00%,2020,WR
90,Jalen Reagor (MIN),31,54,396,12.8,55,9,1,4,26,0,0,11,56.2,5.1,0.20%,2020,WR
89,Preston Williams (FA),18,35,288,16,47,10,4,0,0,0,0,8,56.8,7.1,0.00%,2020,WR
88,Chris Conley (SF),40,63,471,11.8,51,9,2,0,0,0,1,15,57.1,3.8,0.10%,2020,WR
87,Henry Ruggs III (FA),26,43,452,17.4,72,18,2,9,49,0,2,13,58.1,4.5,10.90%,2020,WR
86,Michael Pittman Jr. (IND),40,61,503,12.6,45,10,1,3,26,0,0,13,58.9,4.5,91.40%,2020,WR
85,Tyron Johnson (DAL),20,26,398,19.9,55,19,3,3,17,0,0,12,59.5,5,0.00%,2020,WR
84,Anthony Miller (FA),49,76,485,9.9,34,5,2,2,12,0,1,16,59.7,3.7,0.00%,2020,WR
83,KJ Hamler (FA),30,56,381,12.7,49,9,3,9,40,0,0,13,60.1,4.6,0.60%,2020,WR
82,Braxton Berrios (MIA),37,55,394,10.6,43,10,3,3,29,0,0,16,60.3,3.8,0.90%,2020,WR
81,Danny Amendola (FA),46,69,602,13.1,50,13,0,1,2,0,0,14,60.4,4.3,0.00%,2020,WR
80,Willie Snead IV (SF),33,48,432,13.1,34,10,3,0,0,0,0,13,61.2,4.7,0.00%,2020,WR
79,Randall Cobb (NYJ),38,48,441,11.6,34,7,3,0,0,0,0,10,62.1,6.2,0.70%,2020,WR
78,Demarcus Robinson (LAR),45,59,466,10.4,28,7,3,0,0,0,1,15,62.6,4.2,0.30%,2020,WR
76,Odell Beckham Jr. (BAL),23,43,319,13.9,43,6,3,3,72,1,0,7,63.8,9.1,84.90%,2020,WR
77,John Brown (FA),33,52,458,13.9,46,12,3,0,0,0,0,9,63.8,7.1,0.00%,2020,WR
75,A.J. Green (FA),47,104,523,11.1,33,5,2,0,0,0,0,16,64.3,4,0.60%,2020,WR
74,Allen Lazard (NYJ),33,46,451,13.7,72,13,3,2,17,0,0,10,64.8,6.5,64.50%,2020,WR
73,Damiere Byrd (CAR),47,77,604,12.9,42,15,1,2,15,0,0,16,67.9,4.2,0.00%,2020,WR
70,Jalen Guyton (LAC),28,55,511,18.3,72,18,3,2,0,0,0,16,69.1,4.3,0.10%,2020,WR
71,Tre'Quan Smith (NO),34,50,448,13.2,31,10,4,1,3,0,0,14,69.1,4.9,0.20%,2020,WR
72,Breshad Perriman (IND),30,60,505,16.8,53,19,3,1,6,0,0,12,69.1,5.8,0.00%,2020,WR
69,James Washington (NO),30,56,392,13.1,50,9,5,0,0,0,0,16,69.2,4.3,0.10%,2020,WR
68,Scott Miller (ATL),33,53,501,15.2,48,16,3,3,14,0,0,16,69.5,4.3,0.10%,2020,WR
67,Isaiah McKenzie (IND),30,34,282,9.4,46,5,5,10,9,0,0,16,69.6,4.4,1.30%,2020,WR
66,Antonio Brown (FA),45,62,483,10.7,46,9,4,2,-2,0,0,8,72.1,9,0.20%,2020,WR
65,Josh Reynolds (DET),52,81,618,11.9,40,10,2,1,5,0,1,16,72.3,4.5,0.80%,2020,WR
64,Hunter Renfrow (LV),56,77,656,11.7,53,13,2,0,0,0,1,16,75.6,4.7,9.90%,2020,WR
63,Travis Fulgham (FA),38,67,539,14.2,42,11,4,0,0,0,0,13,77.9,6,0.00%,2020,WR
62,Greg Ward (PHI),53,79,419,7.9,32,4,6,2,-4,0,0,16,80.1,5,0.10%,2020,WR
61,Kendrick Bourne (NE),49,74,667,13.6,49,9,2,0,0,0,0,15,80.7,5.4,0.80%,2020,WR
60,Jakobi Meyers (LV),59,81,729,12.4,35,14,0,2,9,0,1,14,83.6,6,67.10%,2020,WR
59,David Moore (TB),35,47,417,11.9,57,14,6,8,61,0,0,16,83.8,5.2,0.00%,2020,WR
58,Rashard Higgins (FA),37,52,599,16.2,43,18,4,0,0,0,0,13,83.9,6.5,0.00%,2020,WR
57,Mecole Hardman Jr. (NYJ),41,62,560,13.7,49,13,4,4,31,0,2,16,87.1,5.4,7.40%,2020,WR
56,Darius Slayton (NYG),50,96,751,15,41,17,3,2,-1,0,1,16,91,5.7,2.60%,2020,WR
55,Darnell Mooney (CHI),61,98,631,10.3,53,13,4,4,20,0,0,16,91.1,5.7,46.40%,2020,WR
54,Zach Pascal (ARI),44,71,629,14.3,42,16,5,0,0,0,0,16,92.9,5.8,0.10%,2020,WR
53,Julio Jones (FA),51,68,771,15.1,44,22,3,0,0,0,0,9,95.1,10.6,7.20%,2020,WR
52,Sterling Shepard (NYG),66,90,656,9.9,29,10,3,6,49,1,0,12,96.5,8,1.00%,2020,WR
51,Christian Kirk (JAC),48,79,621,12.9,80,17,6,2,3,0,0,14,98.4,7,90.80%,2020,WR
50,Laviska Shenault Jr. (CAR),58,79,600,10.3,36,12,5,18,91,0,0,14,99.1,7.1,0.70%,2020,WR
49,Keelan Cole Sr. (LV),55,88,642,11.7,51,12,5,1,2,0,0,16,100.4,6.3,0.00%,2020,WR
48,DJ Chark Jr. (CAR),53,93,706,13.3,73,15,5,0,0,0,0,13,100.6,7.7,54.00%,2020,WR
47,Gabe Davis (BUF),35,62,599,17.1,56,20,7,1,0,0,0,16,101.9,6.4,86.50%,2020,WR
46,DeVante Parker (NE),63,103,793,12.6,31,11,4,0,0,0,0,14,103.3,7.4,2.80%,2020,WR
45,Emmanuel Sanders (FA),61,82,726,11.9,51,14,5,1,12,0,0,14,103.8,7.4,0.00%,2020,WR
44,Marquez Valdes-Scantling (KC),33,63,690,20.9,78,27,6,4,13,0,1,16,104.3,6.5,13.20%,2020,WR
43,Jerry Jeudy (DEN),52,113,856,16.5,92,24,3,0,0,0,0,16,105.6,6.6,93.60%,2020,WR
42,Mike Williams (LAC),48,85,756,15.8,64,21,5,1,1,0,0,15,105.7,7,92.20%,2020,WR
41,T.Y. Hilton (FA),56,93,762,13.6,50,18,5,0,0,0,0,15,108.2,7.2,3.00%,2020,WR
40,Russell Gage (TB),72,109,786,10.9,35,7,4,2,9,0,0,16,109.1,6.8,1.50%,2020,WR
39,Tim Patrick (DEN),51,79,742,14.5,61,26,6,0,0,0,0,15,110.2,7.3,3.00%,2020,WR
38,Jamison Crowder (NYG),59,89,699,11.8,69,17,6,1,14,0,0,12,113,9.4,0.20%,2020,WR
37,Tyler Boyd (CIN),79,110,841,10.6,72,10,4,5,49,0,0,15,113.6,7.6,48.10%,2020,WR
36,Michael Gallup (DAL),59,105,843,14.3,55,21,5,0,0,0,0,16,114.3,7.1,50.20%,2020,WR
35,Jarvis Landry (FA),72,101,840,11.7,32,13,3,4,10,1,0,15,116,7.7,7.10%,2020,WR
34,Cooper Kupp (LAR),92,124,974,10.6,55,20,3,4,33,0,1,15,116.7,7.8,99.90%,2020,WR
33,Brandon Aiyuk (SF),60,96,748,12.5,49,14,5,6,77,2,0,12,124.5,10.4,91.80%,2020,WR
32,Marquise Brown (ARI),58,100,769,13.3,70,25,8,1,1,0,0,16,125,7.8,89.50%,2020,WR
31,Cole Beasley (NYG),82,107,967,11.8,35,17,4,0,0,0,0,15,125.5,8.4,0.10%,2020,WR
30,Chris Godwin (TB),65,84,840,12.9,47,23,7,0,0,0,0,12,126,10.5,94.70%,2020,WR
29,Corey Davis (NYJ),65,92,984,15.1,75,24,5,0,0,0,1,14,126.4,9,2.00%,2020,WR
28,Tee Higgins (CIN),67,108,908,13.6,67,22,6,5,28,0,1,16,127.6,8,99.80%,2020,WR
27,Robbie Chosen (MIA),95,136,"1,096",11.5,75,25,3,4,15,0,1,16,129.1,8.1,0.70%,2020,WR
26,Diontae Johnson (PIT),88,144,923,10.5,47,19,7,3,15,0,1,15,133.8,8.9,92.30%,2020,WR
25,Curtis Samuel (WAS),77,97,851,11.1,44,16,3,41,200,2,0,15,135.1,9,9.00%,2020,WR
24,William Fuller V (FA),53,75,879,16.6,77,28,8,1,0,0,0,11,135.9,12.4,0.00%,2020,WR
23,Terry McLaurin (WAS),87,134,"1,118",12.9,68,28,4,2,30,0,1,15,136.8,9.1,95.70%,2020,WR
22,JuJu Smith-Schuster (NE),97,128,831,8.6,31,14,9,0,0,0,1,16,137.1,8.6,75.20%,2020,WR
21,Nelson Agholor (BAL),48,82,896,18.7,85,30,8,0,0,0,0,16,137.6,8.6,0.70%,2020,WR
20,CeeDee Lamb (DAL),74,111,935,12.6,52,29,5,10,82,1,1,16,143.7,9,99.90%,2020,WR
19,Amari Cooper (CLE),92,130,"1,114",12.1,69,26,5,6,14,0,0,16,144.8,9.1,97.50%,2020,WR
18,Keenan Allen (LAC),100,147,992,9.9,28,10,8,1,-1,0,2,14,145.1,10.4,97.60%,2020,WR
17,DJ Moore (CHI),66,118,"1,193",18.1,74,39,4,2,22,0,0,15,145.5,9.7,95.40%,2020,WR
16,Brandin Cooks (DAL),81,119,"1,150",14.2,57,32,6,0,0,0,0,15,151,10.1,87.20%,2020,WR
15,Marvin Jones Jr. (DET),76,115,978,12.9,43,23,9,0,0,0,0,16,151.8,9.5,2.90%,2020,WR
14,Chase Claypool (CHI),62,109,873,14.1,84,26,9,10,16,2,1,16,152.9,9.6,13.20%,2020,WR
13,Robert Woods (HOU),90,129,936,10.4,56,19,6,24,155,2,1,16,155.1,9.7,4.50%,2020,WR
12,Allen Robinson II (PIT),102,151,"1,250",12.3,42,27,6,1,-1,0,0,16,160.9,10.1,4.00%,2020,WR
11,Tyler Lockett (SEA),100,132,"1,054",10.5,47,17,10,0,0,0,0,16,165.4,10.3,93.90%,2020,WR
10,DeAndre Hopkins (TEN),115,160,"1,407",12.2,60,35,6,1,1,0,2,16,172.8,10.8,96.60%,2020,WR
9,A.J. Brown (PHI),70,106,"1,075",15.4,73,28,11,0,0,0,1,14,177.5,12.7,99.90%,2020,WR
8,Mike Evans (TB),70,109,"1,006",14.4,50,29,13,0,0,0,0,16,178.6,11.2,93.80%,2020,WR
7,Adam Thielen (CAR),74,108,925,12.5,51,18,14,3,15,0,0,15,180,12,61.10%,2020,WR
6,Justin Jefferson (MIN),88,125,"1,400",15.9,71,39,7,1,2,0,0,16,186.2,11.6,100.00%,2020,WR
5,DK Metcalf (SEA),83,129,"1,303",15.7,62,37,10,0,0,0,1,16,188.3,11.8,99.30%,2020,WR
4,Calvin Ridley (JAC),90,143,"1,374",15.3,63,36,9,5,1,0,1,15,191.5,12.8,94.90%,2020,WR
3,Stefon Diggs (BUF),127,166,"1,535",12.1,55,32,8,1,1,0,0,16,201.6,12.6,99.90%,2020,WR
2,Tyreek Hill (MIA),87,135,"1,276",14.7,75,38,15,13,123,2,0,15,241.9,16.1,100.00%,2020,WR
1,Davante Adams (LV),115,149,"1,374",11.9,56,34,18,0,0,0,1,14,243.4,17.4,99.90%,2020,WR
137,Parris Campbell (NYG),18,24,127,7.1,27,1,1,4,34,0,1,7,20.1,2.9,4.90%,2019,WR
135,Richie James Jr. (KC),6,10,165,27.5,57,9,1,2,-1,0,1,16,20.4,1.3,2.30%,2019,WR
136,Trevor Davis (FA),8,11,111,13.9,28,2,0,4,73,1,2,14,20.4,1.5,0.00%,2019,WR
134,Kalif Raymond (DET),9,12,170,18.9,52,8,1,1,-5,0,1,8,20.5,2.6,0.70%,2019,WR
133,Tim Patrick (DEN),16,31,218,13.6,38,5,0,0,0,0,0,8,21.8,2.7,3.00%,2019,WR
132,Zay Jones (JAC),27,45,216,8,23,2,0,1,3,0,0,15,21.9,1.5,38.30%,2019,WR
131,Duke Williams (FA),12,19,166,13.8,41,5,1,0,0,0,0,4,22.6,5.7,0.00%,2019,WR
130,J.J. Arcega-Whiteside (ATL),10,22,169,16.9,30,5,1,0,0,0,0,16,22.9,1.4,0.00%,2019,WR
129,Byron Pringle (WAS),12,16,170,14.2,28,3,1,0,0,0,0,16,23,1.4,0.00%,2019,WR
128,Bennie Fowler III (FA),23,36,193,8.4,17,0,0,1,20,0,0,8,23.3,2.9,0.00%,2019,WR
127,Dante Pettis (CHI),11,24,109,9.9,21,2,2,0,0,0,0,11,23.5,2.1,0.10%,2019,WR
126,Laquon Treadwell (BAL),9,16,184,20.4,58,7,1,0,0,0,0,14,24.4,1.7,0.10%,2019,WR
125,Javon Wims (CAR),18,39,186,10.3,37,2,1,0,0,0,0,16,24.6,1.5,0.00%,2019,WR
124,KeeSean Johnson (BUF),21,42,187,8.9,31,2,1,1,3,0,1,10,25,2.5,0.00%,2019,WR
123,Isaiah Ford (CHI),23,35,244,10.6,28,2,0,1,11,0,0,9,25.5,2.8,0.00%,2019,WR
122,Trey Quinn (DET),26,47,198,7.6,19,0,1,0,0,0,1,12,25.8,2.2,0.00%,2019,WR
121,Damion Ratley (FA),12,24,200,16.7,46,6,1,0,0,0,0,13,26,2,0.00%,2019,WR
120,Marquise Goodwin (CLE),12,21,186,15.5,38,4,1,1,15,0,0,9,26.1,2.9,0.60%,2019,WR
119,Andy Isabella (BUF),9,13,189,21,88,8,1,4,15,0,0,15,26.4,1.8,0.00%,2019,WR
118,Jakeem Grant Sr. (CLE),19,33,164,8.6,18,0,0,4,5,1,1,10,26.9,2.7,0.10%,2019,WR
117,N'Keal Harry (FA),12,24,105,8.8,18,0,2,5,49,0,0,7,27.4,3.9,0.00%,2019,WR
116,Scott Miller (ATL),13,26,200,15.4,48,6,1,2,16,0,0,10,27.6,2.8,0.10%,2019,WR
113,Justin Watson (KC),15,26,159,10.6,17,0,2,0,0,0,0,16,27.9,1.7,0.20%,2019,WR
114,DeSean Jackson (FA),9,10,159,17.7,53,8,2,0,0,0,0,3,27.9,9.3,1.00%,2019,WR
115,Jake Kumerow (FA),12,21,219,18.3,49,7,1,0,0,0,0,14,27.9,2,0.00%,2019,WR
112,Jarius Wright (FA),28,58,296,10.6,33,4,0,1,-7,0,0,16,28.9,1.8,0.00%,2019,WR
111,Chester Rogers (FA),16,28,179,11.2,27,2,2,1,18,0,1,12,29.7,2.5,0.00%,2019,WR
109,Malik Turner (IND),15,22,245,16.3,33,8,1,0,0,0,0,15,30.5,2,0.00%,2019,WR
110,Pharoh Cooper (FA),25,33,243,9.7,28,4,1,1,2,0,0,13,30.5,2.3,0.00%,2019,WR
108,Keke Coutee (NO),22,36,254,11.5,51,7,0,2,14,1,1,10,30.8,3.1,0.00%,2019,WR
107,Vyncint Smith (IND),17,31,225,13.2,37,6,0,3,52,1,1,14,31.7,2.3,0.00%,2019,WR
106,Greg Ward (PHI),28,40,254,9.1,38,2,1,1,5,0,0,7,31.9,4.6,0.10%,2019,WR
105,Jaron Brown (FA),16,28,220,13.8,48,6,2,0,0,0,1,14,32,2.3,0.00%,2019,WR
104,Marvin Hall (FA),7,11,261,37.3,58,15,1,1,7,0,0,9,32.8,3.6,0.00%,2019,WR
103,Tavon Austin (FA),13,24,177,13.6,59,5,1,6,47,1,0,14,34.4,2.5,0.00%,2019,WR
102,DaeSean Hamilton (FA),28,52,297,10.6,28,4,1,0,0,0,0,16,35.7,2.2,0.00%,2019,WR
101,Jakobi Meyers (LV),26,41,359,13.8,35,11,0,0,0,0,0,15,35.9,2.4,67.10%,2019,WR
100,Isaiah McKenzie (IND),27,39,254,9.4,46,5,1,8,49,0,0,15,36.3,2.4,1.30%,2019,WR
99,Paul Richardson Jr. (FA),28,42,245,8.8,22,1,2,1,0,0,0,10,36.5,3.7,0.00%,2019,WR
98,Kelvin Harmon (FA),30,44,365,12.2,30,9,0,0,0,0,0,16,36.9,2.3,0.00%,2019,WR
97,Miles Boykin (PIT),13,22,198,15.2,50,6,3,0,0,0,0,16,37.8,2.4,0.10%,2019,WR
96,Seth Roberts (FA),21,35,271,12.9,33,4,2,0,0,0,0,16,39.1,2.4,0.00%,2019,WR
95,Marcus Johnson (FA),17,33,277,16.3,50,8,2,0,0,0,0,9,39.7,4.4,0.00%,2019,WR
94,Damiere Byrd (CAR),32,46,359,11.2,58,10,1,0,0,0,1,11,39.9,3.6,0.00%,2019,WR
93,Josh Reynolds (DET),21,43,326,15.5,31,10,1,5,23,0,0,16,40.9,2.6,0.80%,2019,WR
92,Geronimo Allison (FA),34,55,287,8.4,31,4,2,1,7,0,1,16,41.4,2.6,0.00%,2019,WR
91,Cody Latimer (FA),24,42,300,12.5,43,8,2,0,0,0,0,15,42,2.8,0.00%,2019,WR
90,David Moore (TB),17,34,301,17.7,60,9,2,3,25,0,1,15,42.6,2.8,0.00%,2019,WR
89,Albert Wilson (FA),43,62,351,8.2,35,5,1,5,45,0,0,13,46.4,3.6,0.00%,2019,WR
88,Josh Gordon (FA),27,47,426,15.8,58,14,1,1,1,0,0,11,47.7,4.3,0.00%,2019,WR
87,Bisi Johnson (FA),31,45,294,9.5,23,1,3,1,6,0,0,16,48,3,0.00%,2019,WR
86,Demaryius Thomas (FA),36,58,433,12,47,7,1,0,0,0,0,11,49.3,4.5,0.10%,2019,WR
85,Adam Humphries (FA),37,47,374,10.1,30,5,2,1,1,0,0,12,49.5,4.1,1.00%,2019,WR
84,Russell Gage (TB),49,74,446,9.1,19,0,1,4,12,0,1,16,49.8,3.1,1.50%,2019,WR
83,Allen Hurns (FA),32,47,416,13,27,4,2,0,0,0,1,14,51.6,3.7,0.00%,2019,WR
82,Alex Erickson (NYJ),43,78,529,12.3,52,11,0,5,33,0,2,16,53.2,3.3,0.00%,2019,WR
81,Tre'Quan Smith (NO),18,25,234,13,32,4,5,0,0,0,0,11,53.4,4.9,0.20%,2019,WR
80,Keelan Cole Sr. (LV),24,36,361,15,55,11,3,1,6,0,0,16,54.7,3.4,0.00%,2019,WR
79,Nelson Agholor (BAL),39,69,363,9.3,43,7,3,2,7,0,1,11,55,5,0.70%,2019,WR
78,Ted Ginn Jr. (FA),30,56,421,14,45,13,2,3,18,0,0,16,55.9,3.5,0.00%,2019,WR
77,Tajae Sharpe (FA),25,35,329,13.2,47,7,4,0,0,0,0,15,56.9,3.8,0.00%,2019,WR
76,Marquez Valdes-Scantling (KC),26,56,444,17.1,74,19,2,2,9,0,0,16,57.3,3.6,13.20%,2019,WR
75,Preston Williams (FA),32,60,428,13.4,35,7,3,0,0,0,1,8,58.8,7.4,0.00%,2019,WR
74,Taylor Gabriel (FA),29,48,353,12.2,53,8,4,3,20,0,0,9,61.3,6.8,0.10%,2019,WR
73,Auden Tate (FA),40,80,575,14.4,33,10,1,0,0,0,1,13,61.5,4.7,0.00%,2019,WR
72,Willie Snead IV (SF),31,46,339,10.9,50,8,5,2,2,0,0,16,64.1,4,0.00%,2019,WR
71,Mohamed Sanu Sr. (FA),59,89,520,8.8,28,3,2,3,11,0,0,15,65.1,4.3,0.00%,2019,WR
70,John Ross (FA),28,56,506,18.1,66,19,3,3,4,0,1,8,67,8.4,0.10%,2019,WR
68,Allen Lazard (NYJ),35,52,477,13.6,43,10,3,1,21,0,0,16,67.8,4.2,64.50%,2019,WR
69,Kendrick Bourne (NE),30,44,358,11.9,30,5,5,0,0,0,0,16,67.8,4.2,0.80%,2019,WR
67,Demarcus Robinson (LAR),32,55,449,14,44,12,4,0,0,0,0,16,68.9,4.3,0.30%,2019,WR
66,JuJu Smith-Schuster (NE),42,70,552,13.1,76,14,3,0,0,0,1,12,71.2,5.9,75.20%,2019,WR
65,Phillip Dorsett II (LV),29,54,397,13.7,58,13,5,3,21,0,0,14,71.8,5.1,0.10%,2019,WR
64,Corey Davis (NYJ),43,69,601,14,38,11,2,0,0,0,0,15,72.1,4.8,2.00%,2019,WR
61,Steven Sims Jr. (HOU),34,56,310,9.1,65,6,4,9,85,1,0,16,75.5,4.7,0.00%,2019,WR
62,Brandin Cooks (DAL),42,72,583,13.9,57,12,2,6,52,0,0,14,75.5,5.4,87.20%,2019,WR
63,Anthony Miller (FA),52,85,656,12.6,35,16,2,1,-1,0,1,16,75.5,4.7,0.00%,2019,WR
60,Danny Amendola (FA),62,97,678,10.9,47,11,1,0,0,0,0,15,78.6,5.2,0.00%,2019,WR
59,Alshon Jeffery (FA),43,73,490,11.4,38,8,4,1,2,1,0,10,79.2,7.9,0.00%,2019,WR
57,T.Y. Hilton (FA),45,68,501,11.1,35,8,5,0,0,0,0,10,80.1,8,3.00%,2019,WR
58,Kenny Stills (FA),40,55,561,14,45,18,4,0,0,0,0,13,80.1,6.2,0.00%,2019,WR
56,Adam Thielen (CAR),30,48,418,13.9,44,12,6,4,6,1,0,10,84.4,8.4,61.10%,2019,WR
55,Hunter Renfrow (LV),49,71,605,12.3,65,14,4,0,0,0,0,13,84.5,6.5,9.90%,2019,WR
54,Sterling Shepard (NYG),57,83,576,10.1,36,9,3,6,72,0,0,10,84.8,8.5,1.00%,2019,WR
53,William Fuller V (FA),49,71,670,13.7,54,25,3,0,0,0,0,11,85,7.7,0.00%,2019,WR
52,Sammy Watkins (FA),52,90,673,12.9,68,16,3,2,12,0,1,14,86.5,6.2,1.60%,2019,WR
51,James Washington (NO),44,80,735,16.7,79,27,3,0,0,0,1,15,89.5,6,0.10%,2019,WR
50,Dede Westbrook (FA),66,101,660,10,39,14,3,5,27,0,0,15,90.7,6,0.00%,2019,WR
49,Mecole Hardman Jr. (NYJ),26,41,538,20.7,83,22,6,4,17,0,2,16,93.5,5.8,7.40%,2019,WR
48,Zach Pascal (ARI),41,72,607,14.8,37,14,5,2,16,0,0,16,94.3,5.9,0.10%,2019,WR
47,Randall Cobb (NYJ),55,83,828,15.1,59,24,3,3,11,0,1,15,99.9,6.7,0.70%,2019,WR
46,Christian Kirk (JAC),68,108,709,10.4,69,12,3,10,93,0,0,13,100.2,7.7,90.80%,2019,WR
45,Marquise Brown (ARI),46,71,584,12.7,83,18,7,0,0,0,0,14,100.4,7.2,89.50%,2019,WR
44,Tyrell Williams (FA),42,64,651,15.5,46,20,6,0,0,0,0,14,101.1,7.2,0.00%,2019,WR
43,Breshad Perriman (IND),36,69,645,17.9,44,23,6,2,16,0,0,14,102.1,7.3,0.00%,2019,WR
42,Larry Fitzgerald (FA),75,109,804,10.7,54,19,4,0,0,0,1,16,102.4,6.4,0.20%,2019,WR
41,Golden Tate (FA),49,85,676,13.8,64,21,6,1,16,0,1,11,103.2,9.4,0.00%,2019,WR
40,Diontae Johnson (PIT),59,92,680,11.5,45,13,5,4,41,0,2,16,104.1,6.5,92.30%,2019,WR
39,Chris Conley (SF),47,90,775,16.5,70,21,5,0,0,0,0,16,109.5,6.8,0.10%,2019,WR
38,Robbie Chosen (MIA),52,96,779,15,92,22,5,1,4,0,0,16,110.3,6.9,0.70%,2019,WR
37,Mike Williams (LAC),49,90,"1,001",20.4,56,38,2,1,2,0,0,15,112.3,7.5,92.20%,2019,WR
36,Curtis Samuel (WAS),54,105,627,11.6,44,13,6,19,130,1,0,16,117.7,7.4,9.00%,2019,WR
35,Cole Beasley (NYG),67,106,778,11.6,51,14,6,0,0,0,0,15,117.8,7.9,0.10%,2019,WR
34,Jamison Crowder (NYG),78,122,833,10.7,41,15,6,1,4,0,0,16,119.7,7.5,0.20%,2019,WR
33,Darius Slayton (NYG),48,84,740,15.4,55,23,8,0,0,0,0,14,122,8.7,2.60%,2019,WR
32,Emmanuel Sanders (FA),66,97,869,13.2,75,22,5,0,0,0,0,17,124.3,7.3,0.00%,2019,WR
31,Odell Beckham Jr. (BAL),74,133,"1,035",14,89,28,4,3,10,0,1,16,127.3,8,84.90%,2019,WR
30,DK Metcalf (SEA),58,100,900,15.5,54,26,7,2,11,0,3,16,129.1,8.1,99.30%,2019,WR
29,Davante Adams (LV),83,127,997,12,58,22,5,0,0,0,1,12,129.7,10.8,99.90%,2019,WR
28,Tyreek Hill (MIA),58,89,860,14.8,57,26,7,8,23,0,0,12,130.3,10.9,100.00%,2019,WR
27,Marvin Jones Jr. (DET),62,91,779,12.6,47,15,9,2,0,0,0,13,131.9,10.1,2.90%,2019,WR
26,Deebo Samuel (SF),57,81,802,14.1,42,24,3,14,159,3,1,15,132.1,8.8,98.70%,2019,WR
25,Tyler Boyd (CIN),90,148,"1,046",11.6,47,19,5,4,23,0,2,16,132.9,8.3,48.10%,2019,WR
24,Terry McLaurin (WAS),58,93,919,15.8,75,26,7,0,0,0,0,14,133.9,9.6,95.70%,2019,WR
23,Calvin Ridley (JAC),63,93,866,13.7,36,16,7,2,34,0,0,13,134,10.3,94.90%,2019,WR
22,Robert Woods (HOU),90,139,"1,134",12.6,48,20,2,17,115,1,0,15,142.9,9.5,4.50%,2019,WR
21,DJ Moore (CHI),87,135,"1,175",13.5,52,29,4,6,40,0,1,15,143.5,9.6,95.40%,2019,WR
20,Michael Gallup (DAL),66,113,"1,107",16.8,62,32,6,0,0,0,0,14,146.7,10.5,50.20%,2019,WR
19,John Brown (FA),72,115,"1,060",14.7,53,26,6,2,7,0,0,15,147.8,9.9,0.00%,2019,WR
18,Stefon Diggs (BUF),63,94,"1,130",17.9,66,45,6,5,61,0,3,15,149.1,9.9,99.90%,2019,WR
17,Courtland Sutton (DEN),72,124,"1,112",15.4,70,36,6,3,17,0,0,16,150.4,9.4,73.30%,2019,WR
16,DJ Chark Jr. (CAR),73,118,"1,008",13.8,69,29,8,2,20,0,0,15,152.8,10.2,54.00%,2019,WR
15,Tyler Lockett (SEA),82,110,"1,057",12.9,44,25,8,4,-5,0,0,16,153.2,9.6,93.90%,2019,WR
14,Jarvis Landry (FA),83,138,"1,174",14.1,65,30,6,1,10,0,0,16,154.4,9.7,7.10%,2019,WR
13,Julian Edelman (FA),100,153,"1,117",11.2,44,19,6,8,27,0,1,16,156.3,9.8,12.10%,2019,WR
12,Allen Robinson II (PIT),98,154,"1,147",11.7,49,22,7,1,2,0,0,16,156.9,9.8,4.00%,2019,WR
11,Keenan Allen (LAC),104,149,"1,199",11.5,45,21,6,3,16,0,0,16,157.5,9.8,97.60%,2019,WR
10,A.J. Brown (PHI),52,84,"1,051",20.2,91,40,8,3,60,1,0,16,165.1,10.3,99.90%,2019,WR
9,DeAndre Hopkins (TEN),104,150,"1,165",11.2,43,24,7,2,18,0,0,15,165.5,11,96.60%,2019,WR
8,Mike Evans (TB),67,118,"1,157",17.3,67,34,8,0,0,0,0,13,165.7,12.7,93.80%,2019,WR
7,Amari Cooper (CLE),79,119,"1,189",15.1,53,31,8,1,6,0,0,16,167.5,10.5,97.50%,2019,WR
6,DeVante Parker (NE),72,128,"1,202",16.7,51,39,9,0,0,0,0,16,174.2,10.9,2.80%,2019,WR
5,Julio Jones (FA),99,157,"1,394",14.1,54,34,6,2,-3,0,0,15,175.1,11.7,7.20%,2019,WR
4,Cooper Kupp (LAR),94,134,"1,161",12.4,66,33,10,2,4,0,0,16,176.5,11,99.90%,2019,WR
3,Kenny Golladay (FA),65,116,"1,190",18.3,75,43,11,0,0,0,1,16,183,11.4,2.10%,2019,WR
2,Chris Godwin (TB),86,121,"1,333",15.5,71,38,9,1,8,0,0,14,190.1,13.6,94.70%,2019,WR
1,Michael Thomas (NO),149,185,"1,725",11.6,49,25,9,1,-9,0,0,16,225.6,14.1,85.90%,2019,WR