Rank,Player,Team_x,Posit,PASSING_TD,RUSHING_TD,REC_TD,TTL_TD,G,FPTS,FPTS.G,Fantasy_yr,#,Pick,Name,Pos,Team_y,Overall,StdDev,High,Low,TimesDrafted
3,Aaron Jones,GB,RB,0,16,3,19,16,265.8,16.6,2019,30.0,3.05,Aaron Jones,RB,GB,29.2,3.4,2.01,4.04,515.0
10,Aaron Rodgers,NYJ,QB,26,1,0,27,16,282.0,17.6,2019,58.0,5.08,Aaron Rodgers,QB,GB,55.7,7.6,1.01,6.09,249.0
85,Adam Humphries,FA,WR,0,0,2,2,12,49.5,4.1,2019,192.0,14.11,Adam Humphries,WR,TEN,166.9,10.3,12.08,16.02,50.0
56,Adam Thielen,CAR,WR,0,1,6,7,10,84.4,8.4,2019,23.0,2.11,Adam Thielen,WR,MIN,22.9,2.5,1.12,3.09,440.0
28,Adrian Peterson,FA,RB,0,5,0,5,16,130.0,8.1,2019,140.0,12.01,Adrian Peterson,RB,WAS,133.1,12.1,8.08,14.12,218.0
55,Alexander Mattison,MIN,RB,0,1,0,1,13,58.4,4.5,2019,134.0,11.07,Alexander Mattison,RB,MIN,127.3,12.1,5.03,13.05,273.0
59,Alshon Jeffery,FA,WR,0,1,4,5,10,79.2,7.9,2019,74.0,6.12,Alshon Jeffery,WR,PHI,71.9,6.9,4.12,8.1,392.0
16,Alvin Kamara,NO,RB,0,5,1,6,14,167.5,12.0,2019,2.0,1.03,Alvin Kamara,RB,NO,2.5,0.9,1.01,1.06,507.0
7,Amari Cooper,CLE,WR,0,0,8,8,16,167.5,10.5,2019,35.0,3.09,Amari Cooper,WR,DAL,33.1,4.3,2.03,4.08,555.0
63,Anthony Miller,FA,WR,0,0,2,2,16,75.5,4.7,2019,142.0,12.02,Anthony Miller,WR,CHI,134.4,7.5,10.01,13.05,139.0
7,Austin Ekeler,LAC,RB,0,3,8,11,16,217.0,13.6,2019,63.0,6.02,Austin Ekeler,RB,LAC,61.7,6.7,3.08,7.1,756.0
7,Austin Hooper,LV,TE,0,0,6,6,13,116.7,9.0,2019,99.0,8.11,Austin Hooper,TE,ATL,95.4,13.3,5.05,11.11,138.0
19,Baker Mayfield,TB,QB,22,3,0,25,16,250.3,15.6,2019,65.0,6.03,Baker Mayfield,QB,CLE,63.2,9.3,1.01,7.08,219.0
62,Brandin Cooks,DAL,WR,0,0,2,2,14,75.5,5.4,2019,39.0,4.03,Brandin Cooks,WR,LAR,39.1,3.8,2.12,4.11,484.0
23,Calvin Ridley,JAC,WR,0,0,7,7,13,134.0,10.3,2019,55.0,5.06,Calvin Ridley,WR,ATL,53.5,5.2,4.01,6.08,346.0
23,Carlos Hyde,FA,RB,0,6,0,6,16,143.2,9.0,2019,160.0,13.08,Carlos Hyde,RB,HOU,151.9,17.8,8.03,16.03,349.0
9,Carson Wentz,FA,QB,27,1,0,28,16,282.9,17.7,2019,76.0,7.03,Carson Wentz,QB,PHI,74.6,6.4,4.01,8.06,249.0
9,Chris Carson,FA,RB,0,7,2,9,15,195.6,13.0,2019,27.0,3.02,Chris Carson,RB,SEA,26.5,3.7,1.09,4.01,520.0
2,Chris Godwin,TB,WR,0,0,9,9,14,190.1,13.6,2019,41.0,4.04,Chris Godwin,WR,TB,39.9,3.9,2.11,5.01,465.0
46,Christian Kirk,JAC,WR,0,0,3,3,13,100.2,7.7,2019,92.0,8.06,Christian Kirk,WR,ARI,89.9,7.9,6.01,10.03,373.0
1,Christian McCaffrey,SF,RB,0,15,4,19,16,355.2,22.2,2019,3.0,1.03,Christian McCaffrey,RB,CAR,3.2,1.2,1.01,1.07,597.0
35,Cole Beasley,NYG,WR,0,0,6,6,15,117.8,7.9,2019,178.0,14.04,Cole Beasley,WR,BUF,159.6,14.8,10.01,15.12,94.0
4,Cooper Kupp,LAR,WR,0,0,10,10,16,176.5,11.0,2019,46.0,4.09,Cooper Kupp,WR,LAR,45.2,3.7,3.01,5.08,382.0
64,Corey Davis,NYJ,WR,0,0,2,2,15,72.1,4.8,2019,115.0,10.03,Corey Davis,WR,TEN,110.8,8.2,7.12,11.08,234.0
17,Courtland Sutton,DEN,WR,0,0,6,6,16,150.4,9.4,2019,132.0,11.06,Courtland Sutton,WR,DEN,126.2,11.8,3.01,13.04,151.0
36,Curtis Samuel,WAS,WR,0,1,6,7,16,117.7,7.4,2019,90.0,8.04,Curtis Samuel,WR,CAR,88.0,7.0,6.02,9.09,423.0
2,Dak Prescott,DAL,QB,30,3,0,33,16,348.9,21.8,2019,133.0,11.07,Dak Prescott,QB,DAL,127.2,10.2,6.08,13.06,249.0
5,Dalvin Cook,FA,RB,0,13,0,13,14,239.4,17.1,2019,15.0,2.03,Dalvin Cook,RB,MIN,14.6,2.8,1.05,2.11,640.0
34,Damien Williams,FA,RB,0,5,2,7,11,111.1,10.1,2019,26.0,3.01,Damien Williams,RB,KC,25.5,4.2,2.02,4.01,227.0
127,Dante Pettis,CHI,WR,0,0,2,2,11,23.5,2.1,2019,114.0,10.02,Dante Pettis,WR,SF,109.8,9.5,4.09,11.07,236.0
73,Dare Ogunbowale,HOU,RB,0,2,0,2,16,40.3,2.5,2019,172.0,14.02,Dare Ogunbowale,RB,TB,157.9,17.9,10.06,15.12,56.0
4,Darren Waller,NYG,TE,0,0,3,3,16,131.0,8.2,2019,166.0,13.12,Darren Waller,TE,LV,155.8,15.0,11.03,15.12,44.0
29,Davante Adams,LV,WR,0,0,5,5,12,129.7,10.8,2019,5.0,1.06,Davante Adams,WR,GB,6.4,1.5,1.01,2.01,332.0
37,David Johnson,FA,RB,0,2,4,6,13,105.5,8.1,2019,8.0,1.07,David Johnson,RB,ARI,7.1,2.0,1.03,2.04,366.0
22,David Montgomery,DET,RB,0,6,1,7,16,145.4,9.1,2019,33.0,3.07,David Montgomery,RB,CHI,31.3,3.9,2.01,4.04,416.0
9,DeAndre Hopkins,TEN,WR,0,0,7,7,15,165.5,11.0,2019,6.0,1.07,DeAndre Hopkins,WR,HOU,7.0,2.8,1.01,2.08,735.0
114,DeSean Jackson,FA,WR,0,0,2,2,3,27.9,9.3,2019,125.0,10.11,DeSean Jackson,WR,PHI,119.4,9.5,7.01,12.06,181.0
50,Dede Westbrook,FA,WR,0,0,3,3,15,90.7,6.0,2019,64.0,6.03,Dede Westbrook,WR,JAX,62.7,6.1,4.06,7.07,580.0
26,Deebo Samuel,SF,WR,0,3,3,6,15,132.1,8.8,2019,159.0,13.08,Deebo Samuel,WR,SF,151.8,11.2,11.03,15.04,102.0
43,Delanie Walker,FA,TE,0,0,2,2,7,33.5,4.8,2019,120.0,10.07,Delanie Walker,TE,TEN,115.4,16.0,6.09,13.06,428.0
86,Demaryius Thomas,FA,WR,0,0,1,1,11,49.3,4.5,2019,182.0,14.05,Demaryius Thomas,WR,NYJ,161.4,15.9,9.09,16.01,101.0
17,Derek Carr,NO,QB,21,2,0,23,16,252.5,15.8,2019,168.0,14.01,Derek Carr,QB,LV,157.4,14.5,9.12,15.12,118.0
2,Derrick Henry,TEN,RB,0,16,2,18,15,276.6,18.4,2019,45.0,4.08,Derrick Henry,RB,TEN,43.8,5.1,3.01,5.11,426.0
62,Derrius Guice,FA,RB,0,2,1,3,5,50.4,10.1,2019,71.0,6.1,Derrius Guice,RB,WAS,69.8,7.4,3.04,9.04,540.0
5,Deshaun Watson,CLE,QB,26,7,0,33,15,332.0,22.1,2019,49.0,4.11,Deshaun Watson,QB,HOU,47.1,7.1,2.1,6.04,273.0
31,Devin Singletary,HOU,RB,0,2,2,4,12,118.9,9.9,2019,87.0,7.12,Devin Singletary,RB,BUF,83.9,8.6,4.12,9.12,678.0
26,Devonta Freeman,FA,RB,0,2,4,6,14,138.6,9.9,2019,31.0,3.06,Devonta Freeman,RB,ATL,30.4,3.5,2.05,4.04,460.0
72,Dion Lewis,FA,RB,0,0,1,1,16,41.4,2.6,2019,149.0,12.11,Dion Lewis,RB,TEN,142.9,14.9,8.12,15.11,279.0
22,Drew Brees,FA,QB,27,1,0,28,11,228.8,20.8,2019,75.0,7.02,Drew Brees,QB,NO,73.9,8.0,1.03,8.07,202.0
32,Emmanuel Sanders,FA,WR,0,0,5,5,17,124.3,7.3,2019,81.0,7.09,Emmanuel Sanders,WR,SF,80.6,7.6,4.03,9.03,373.0
23,Eric Ebron,FA,TE,0,0,3,3,11,55.5,5.0,2019,123.0,10.1,Eric Ebron,TE,IND,117.5,18.8,5.07,13.07,245.0
19,Evan Engram,JAC,TE,0,0,3,3,8,65.4,8.2,2019,59.0,5.09,Evan Engram,TE,NYG,57.3,5.8,3.12,6.11,327.0
4,Ezekiel Elliott,FA,RB,0,12,2,14,16,257.7,16.1,2019,4.0,1.04,Ezekiel Elliott,RB,DAL,3.9,1.2,1.01,1.08,270.0
46,Frank Gore,FA,RB,0,2,0,2,16,81.9,5.1,2019,161.0,13.08,Frank Gore,RB,BUF,152.3,27.6,7.11,17.08,46.0
3,George Kittle,SF,TE,0,0,5,5,14,137.5,9.8,2019,28.0,3.04,George Kittle,TE,SF,28.3,4.0,2.02,4.03,382.0
92,Geronimo Allison,FA,WR,0,0,2,2,16,41.4,2.6,2019,102.0,9.03,Geronimo Allison,WR,GB,98.7,8.2,6.08,10.05,315.0
41,Golden Tate,FA,WR,0,0,6,6,11,103.2,9.4,2019,129.0,11.03,Golden Tate,WR,NYG,123.3,10.1,7.04,13.01,189.0
15,Greg Olsen,FA,TE,0,0,2,2,14,71.7,5.1,2019,155.0,13.05,Greg Olsen,TE,CAR,148.9,19.4,5.01,15.12,275.0
8,Hunter Henry,NE,TE,0,0,5,5,12,95.2,7.9,2019,66.0,6.03,Hunter Henry,TE,LAC,63.3,5.6,4.01,7.12,374.0
3,Jameis Winston,NO,QB,33,1,0,34,16,335.2,21.0,2019,107.0,9.09,Jameis Winston,QB,TB,105.1,8.4,7.06,11.08,298.0
33,James Conner,ARI,RB,0,4,3,7,10,111.5,11.2,2019,7.0,1.07,James Conner,RB,PIT,7.1,1.9,1.01,1.12,335.0
51,James Washington,NO,WR,0,0,3,3,15,89.5,6.0,2019,105.0,9.05,James Washington,WR,PIT,101.3,8.3,6.1,10.11,330.0
29,James White,FA,RB,0,1,5,6,15,128.2,8.5,2019,50.0,4.12,James White,RB,NE,48.1,6.2,3.08,6.01,419.0
34,Jamison Crowder,NYG,WR,0,0,6,6,16,119.7,7.5,2019,135.0,11.09,Jamison Crowder,WR,NYJ,128.8,10.0,7.01,13.06,184.0
6,Jared Cook,FA,TE,0,0,9,9,14,124.5,8.9,2019,72.0,6.11,Jared Cook,TE,NO,70.6,6.2,4.04,8.07,206.0
13,Jared Goff,DET,QB,22,2,0,24,16,263.5,16.5,2019,82.0,7.09,Jared Goff,QB,LAR,81.5,6.7,5.01,9.04,268.0
14,Jarvis Landry,FA,WR,0,0,6,6,16,154.4,9.7,2019,68.0,6.05,Jarvis Landry,WR,CLE,64.8,6.9,4.02,8.03,420.0
56,Jaylen Samuels,FA,RB,0,1,1,2,14,58.4,4.2,2019,124.0,10.11,Jaylen Samuels,RB,PIT,119.0,10.4,7.04,13.01,282.0
14,Jimmy Garoppolo,LV,QB,27,1,0,28,16,260.2,16.3,2019,154.0,13.04,Jimmy Garoppolo,QB,SF,147.5,17.1,3.06,15.11,151.0
11,Joe Mixon,CIN,RB,0,5,3,8,16,190.4,11.9,2019,19.0,2.06,Joe Mixon,RB,CIN,18.4,3.3,1.04,3.03,475.0
19,John Brown,FA,WR,0,0,6,6,15,147.8,9.9,2019,143.0,12.04,John Brown,WR,BUF,136.2,8.6,10.01,14.09,160.0
38,Jordan Howard,FA,RB,0,6,1,7,10,101.4,10.1,2019,106.0,9.08,Jordan Howard,RB,PHI,103.7,9.0,6.12,11.09,157.0
6,Josh Allen,BUF,QB,20,9,0,29,16,297.5,18.6,2019,152.0,13.02,Josh Allen,QB,BUF,145.8,12.3,9.1,15.12,173.0
88,Josh Gordon,FA,WR,0,0,1,1,11,47.7,4.3,2019,54.0,5.04,Josh Gordon,WR,SEA,52.1,4.8,2.12,6.07,434.0
14,Josh Jacobs,LV,RB,0,7,0,7,13,171.6,13.2,2019,34.0,3.09,Josh Jacobs,RB,LV,33.1,3.6,1.1,4.06,540.0
66,JuJu Smith-Schuster,NE,WR,0,0,3,3,12,71.2,5.9,2019,13.0,2.01,JuJu Smith-Schuster,WR,PIT,12.9,2.3,1.02,2.09,569.0
13,Julian Edelman,FA,WR,0,0,6,6,16,156.3,9.8,2019,37.0,3.12,Julian Edelman,WR,NE,36.1,4.2,2.03,4.1,570.0
5,Julio Jones,FA,WR,0,0,6,6,15,175.1,11.7,2019,10.0,1.1,Julio Jones,WR,ATL,10.2,2.2,1.01,2.04,598.0
71,Justice Hill,BAL,RB,0,2,0,2,16,41.5,2.6,2019,128.0,11.01,Justice Hill,RB,BAL,120.7,9.2,8.05,12.07,325.0
75,Kalen Ballage,FA,RB,0,3,0,3,12,37.8,3.2,2019,117.0,10.05,Kalen Ballage,RB,MIA,113.5,10.7,7.1,12.09,160.0
54,Kareem Hunt,FA,RB,0,2,1,3,9,64.4,7.2,2019,104.0,9.05,Kareem Hunt,RB,CLE,100.8,11.9,4.12,11.06,165.0
11,Keenan Allen,LAC,WR,0,0,6,6,16,157.5,9.8,2019,25.0,3.01,Keenan Allen,WR,LAC,25.0,2.7,2.03,3.1,533.0
108,Keke Coutee,NO,WR,0,1,0,1,10,30.8,3.1,2019,153.0,13.02,Keke Coutee,WR,HOU,146.2,13.3,6.03,15.07,110.0
3,Kenny Golladay,FA,WR,0,0,11,11,16,183.0,11.4,2019,48.0,4.11,Kenny Golladay,WR,DET,47.1,3.8,3.1,6.06,347.0
58,Kenny Stills,FA,WR,0,0,4,4,13,80.1,6.2,2019,183.0,14.06,Kenny Stills,WR,HOU,161.5,17.7,8.03,16.04,43.0
18,Kenyan Drake,FA,RB,0,8,0,8,14,164.2,11.7,2019,84.0,7.11,Kenyan Drake,RB,ARI,82.9,8.0,3.1,9.02,391.0
47,Kerryon Johnson,FA,RB,0,3,1,4,8,75.0,9.4,2019,29.0,3.04,Kerryon Johnson,RB,DET,28.5,3.5,2.03,4.02,436.0
18,Kirk Cousins,MIN,QB,26,1,0,27,15,250.4,16.7,2019,136.0,11.11,Kirk Cousins,QB,MIN,130.7,10.0,9.01,13.05,196.0
14,Kyle Rudolph,FA,TE,0,0,6,6,16,74.7,4.7,2019,165.0,13.11,Kyle Rudolph,TE,MIN,154.9,24.7,6.04,16.05,94.0
7,Kyler Murray,ARI,QB,20,4,0,24,16,297.3,18.6,2019,116.0,10.03,Kyler Murray,QB,ARI,110.9,8.1,7.12,11.06,223.0
1,Lamar Jackson,BAL,QB,36,7,0,43,15,421.7,28.1,2019,101.0,9.02,Lamar Jackson,QB,BAL,97.6,10.3,3.06,10.1,358.0
42,Larry Fitzgerald,FA,WR,0,0,4,4,16,102.4,6.4,2019,110.0,9.11,Larry Fitzgerald,WR,ARI,106.5,9.5,6.06,11.08,222.0
30,Latavius Murray,BUF,RB,0,5,1,6,16,123.2,7.7,2019,79.0,7.04,Latavius Murray,RB,NO,76.4,7.9,4.07,8.1,476.0
41,LeSean McCoy,FA,RB,0,4,1,5,13,90.6,7.0,2019,93.0,8.07,LeSean McCoy,RB,KC,90.8,8.9,5.02,10.04,479.0
13,Leonard Fournette,FA,RB,0,3,0,3,15,183.4,12.2,2019,24.0,2.11,Leonard Fournette,RB,JAX,23.2,3.5,1.1,3.1,462.0
58,Malcolm Brown,FA,RB,0,5,0,5,14,57.1,4.1,2019,170.0,14.02,Malcolm Brown,RB,LAR,157.6,16.7,9.09,16.11,126.0
2,Mark Andrews,BAL,TE,0,0,10,10,15,143.2,9.5,2019,148.0,12.1,Mark Andrews,TE,BAL,142.1,19.1,6.03,15.11,438.0
17,Marlon Mack,FA,RB,0,8,0,8,14,167.3,12.0,2019,47.0,4.11,Marlon Mack,RB,IND,46.5,5.7,3.05,6.01,471.0
76,Marquez Valdes-Scantling,KC,WR,0,0,2,2,16,57.3,3.6,2019,103.0,9.05,Marquez Valdes-Scantling,WR,GB,100.6,8.6,6.12,11.03,341.0
120,Marquise Goodwin,CLE,WR,0,0,1,1,9,26.1,2.9,2019,188.0,14.07,Marquise Goodwin,WR,SF,163.0,13.8,10.08,15.12,64.0
45,Matt Breida,NYG,RB,0,1,1,2,13,84.3,6.5,2019,88.0,8.01,Matt Breida,RB,SF,84.8,8.1,4.03,9.06,560.0
11,Matt Ryan,FA,QB,26,1,0,27,15,281.4,18.8,2019,70.0,6.09,Matt Ryan,QB,ATL,69.2,6.9,4.06,7.1,174.0
29,Matthew Stafford,LAR,QB,19,0,0,19,8,171.5,21.4,2019,181.0,14.05,Matthew Stafford,QB,DET,160.8,17.9,3.1,15.12,99.0
20,Michael Gallup,DAL,WR,0,0,6,6,14,146.7,10.5,2019,118.0,10.06,Michael Gallup,WR,DAL,113.8,8.4,6.11,11.1,281.0
1,Michael Thomas,NO,WR,0,0,9,9,16,225.6,14.1,2019,11.0,1.1,Michael Thomas,WR,NO,10.4,2.0,1.02,2.05,564.0
8,Mike Evans,TB,WR,0,0,8,8,13,165.7,12.7,2019,21.0,2.08,Mike Evans,WR,TB,20.2,2.3,1.09,3.04,528.0
37,Mike Williams,LAC,WR,0,0,2,2,15,112.3,7.5,2019,62.0,5.12,Mike Williams,WR,LAC,60.3,5.9,4.09,7.05,464.0
15,Miles Sanders,CAR,RB,0,3,3,6,16,168.7,10.5,2019,61.0,5.11,Miles Sanders,RB,PHI,59.0,5.0,3.12,6.11,368.0
26,Mitch Trubisky,PIT,QB,17,2,0,19,15,212.8,14.2,2019,147.0,12.07,Mitch Trubisky,QB,CHI,139.2,11.2,8.02,15.04,186.0
117,N'Keal Harry,FA,WR,0,0,2,2,7,27.4,3.9,2019,163.0,13.09,N'Keal Harry,WR,NE,152.8,13.8,10.02,15.07,63.0
6,Nick Chubb,CLE,RB,0,8,0,8,16,219.2,13.7,2019,12.0,1.12,Nick Chubb,RB,CLE,11.7,2.4,1.03,2.05,502.0
50,Nyheim Hines,BUF,RB,0,2,0,2,16,73.9,4.6,2019,177.0,14.03,Nyheim Hines,RB,IND,159.2,18.7,9.08,16.01,66.0
31,O.J. Howard,FA,TE,0,0,1,1,14,49.9,3.6,2019,56.0,5.06,O.J. Howard,TE,TB,54.1,5.5,3.12,6.1,268.0
39,Peyton Barber,FA,RB,0,6,1,7,16,100.5,6.3,2019,137.0,11.11,Peyton Barber,RB,TB,131.3,13.8,7.12,15.02,287.0
15,Philip Rivers,FA,QB,23,0,0,23,16,255.5,16.0,2019,121.0,10.08,Philip Rivers,QB,LAC,116.1,9.1,8.01,11.12,248.0
19,Phillip Lindsay,FA,RB,0,7,0,7,16,162.7,10.2,2019,57.0,5.08,Phillip Lindsay,RB,DEN,55.6,6.2,1.01,7.02,507.0
53,Rashaad Penny,PHI,RB,0,3,1,4,10,67.3,6.7,2019,98.0,8.11,Rashaad Penny,RB,SEA,95.3,7.8,5.03,10.03,198.0
22,Robert Woods,HOU,WR,0,1,2,3,15,142.9,9.5,2019,43.0,4.06,Robert Woods,WR,LAR,42.2,3.9,2.05,5.07,512.0
27,Ronald Jones II,DAL,RB,0,6,0,6,16,135.3,8.5,2019,175.0,14.02,Ronald Jones II,RB,TB,158.1,17.1,6.03,15.12,132.0
40,Royce Freeman,LAR,RB,0,3,1,4,16,99.2,6.2,2019,112.0,9.12,Royce Freeman,RB,DEN,108.1,8.3,6.01,12.05,203.0
4,Russell Wilson,DEN,QB,31,3,0,34,16,333.5,20.8,2019,91.0,8.04,Russell Wilson,QB,SEA,88.4,11.0,3.05,10.08,203.0
27,Sam Darnold,SF,QB,19,2,0,21,13,202.1,15.5,2019,189.0,14.08,Sam Darnold,QB,NYJ,164.2,12.8,11.11,15.12,84.0
52,Sammy Watkins,FA,WR,0,0,3,3,14,86.5,6.2,2019,100.0,8.12,Sammy Watkins,WR,KC,96.1,8.0,6.03,10.05,322.0
10,Saquon Barkley,NYG,RB,0,6,2,8,13,192.1,14.8,2019,1.0,1.01,Saquon Barkley,RB,NYG,1.4,0.6,1.01,1.05,501.0
24,Sony Michel,FA,RB,0,7,0,7,16,140.6,8.8,2019,38.0,4.01,Sony Michel,RB,NE,37.4,3.9,2.06,5.04,541.0
18,Stefon Diggs,BUF,WR,0,0,6,6,15,149.1,9.9,2019,32.0,3.07,Stefon Diggs,WR,MIN,30.8,3.8,2.03,4.05,472.0
54,Sterling Shepard,NYG,WR,0,0,3,3,10,84.8,8.5,2019,94.0,8.08,Sterling Shepard,WR,NYG,92.2,7.8,5.02,9.12,331.0
32,T.J. Hockenson,MIN,TE,0,0,2,2,12,48.7,4.1,2019,131.0,11.06,T.J. Hockenson,TE,DET,126.1,15.2,6.05,13.12,352.0
57,T.Y. Hilton,FA,WR,0,0,5,5,10,80.1,8.0,2019,51.0,5.01,T.Y. Hilton,WR,IND,49.0,4.5,3.03,5.12,343.0
44,Tarik Cohen,FA,RB,0,0,3,3,16,84.9,5.3,2019,73.0,6.11,Tarik Cohen,RB,CHI,71.0,7.6,3.12,9.01,398.0
32,Tevin Coleman,FA,RB,0,6,1,7,14,114.4,8.2,2019,60.0,5.1,Tevin Coleman,RB,SF,57.7,5.8,3.1,7.03,462.0
12,Tom Brady,FA,QB,24,3,0,27,16,271.6,17.0,2019,119.0,10.07,Tom Brady,QB,NE,114.6,13.0,1.03,12.02,210.0
48,Tony Pollard,DAL,RB,0,2,1,3,15,74.2,4.9,2019,85.0,7.11,Tony Pollard,RB,DAL,83.3,8.3,5.09,9.03,210.0
1,Travis Kelce,KC,TE,0,1,5,6,16,157.3,9.8,2019,18.0,2.05,Travis Kelce,TE,KC,17.1,3.3,1.04,3.01,540.0
81,Tre'Quan Smith,NO,WR,0,0,5,5,11,53.4,4.9,2019,184.0,14.06,Tre'Quan Smith,WR,NO,161.6,16.2,7.03,15.12,78.0
25,Tyler Boyd,CIN,WR,0,0,5,5,16,132.9,8.3,2019,52.0,5.04,Tyler Boyd,WR,CIN,51.5,4.2,4.05,6.09,423.0
15,Tyler Lockett,SEA,WR,0,0,8,8,16,153.2,9.6,2019,44.0,4.07,Tyler Lockett,WR,SEA,42.9,3.7,2.07,5.06,469.0
28,Tyreek Hill,MIA,WR,0,0,7,7,12,130.3,10.9,2019,14.0,2.02,Tyreek Hill,WR,KC,13.9,2.6,1.01,2.09,474.0
44,Tyrell Williams,FA,WR,0,0,6,6,14,101.1,7.2,2019,138.0,11.11,Tyrell Williams,WR,LV,131.4,9.0,9.11,13.07,144.0
35,Vance McDonald,FA,TE,0,0,3,3,14,45.5,3.3,2019,77.0,7.03,Vance McDonald,TE,PIT,75.1,6.9,5.01,8.12,247.0
5,Zach Ertz,ARI,TE,0,0,6,6,15,127.6,8.5,2019,36.0,3.09,Zach Ertz,TE,PHI,33.5,4.6,2.04,4.11,555.0
9,A.J. Brown,PHI,WR,0,0,11,11,14,177.5,12.7,2020,46.0,4.08,A.J. Brown,WR,TEN,44.4,4.0,3.01,5.09,588.0
75,A.J. Green,FA,WR,0,0,2,2,16,64.3,4.0,2020,71.0,6.1,A.J. Green,WR,CIN,69.8,6.4,4.12,9.01,791.0
5,Aaron Jones,GB,RB,0,9,2,11,14,211.9,15.1,2020,18.0,2.06,Aaron Jones,RB,GB,17.5,2.9,1.04,3.04,976.0
3,Aaron Rodgers,NYJ,QB,48,3,0,51,16,387.1,24.2,2020,96.0,8.1,Aaron Rodgers,QB,GB,94.3,9.1,5.08,11.02,376.0
7,Adam Thielen,CAR,WR,0,0,14,14,15,180.0,12.0,2020,31.0,3.06,Adam Thielen,WR,MIN,30.3,3.6,2.04,4.08,824.0
33,Adrian Peterson,FA,RB,0,7,0,7,16,112.5,7.0,2020,121.0,10.1,Adrian Peterson,RB,DET,118.4,8.7,7.06,12.1,296.0
50,Alexander Mattison,MIN,RB,0,2,1,3,13,73.9,5.7,2020,100.0,9.01,Alexander Mattison,RB,MIN,96.7,7.4,6.07,10.03,350.0
74,Allen Lazard,NYJ,WR,0,0,3,3,10,64.8,6.5,2020,138.0,11.11,Allen Lazard,WR,GB,131.0,8.7,8.07,13.04,296.0
2,Alvin Kamara,NO,RB,0,16,5,21,15,294.8,19.7,2020,4.0,1.05,Alvin Kamara,RB,NO,4.9,1.3,1.01,1.12,960.0
19,Amari Cooper,CLE,WR,0,0,5,5,16,144.8,9.1,2020,39.0,4.02,Amari Cooper,WR,DAL,38.1,4.4,2.08,4.12,780.0
84,Anthony Miller,FA,WR,0,0,2,2,16,59.7,3.7,2020,133.0,11.07,Anthony Miller,WR,CHI,126.9,8.4,8.05,13.01,357.0
14,Antonio Gibson,WAS,RB,0,11,0,11,14,166.2,11.9,2020,80.0,7.07,Antonio Gibson,RB,WAS,79.0,6.5,5.12,9.01,464.0
35,Austin Ekeler,LAC,RB,0,1,2,3,10,111.3,11.1,2020,11.0,1.11,Austin Ekeler,RB,LAC,11.5,2.1,1.05,2.1,850.0
22,Austin Hooper,LV,TE,0,0,4,4,13,67.5,5.2,2020,143.0,12.05,Austin Hooper,TE,CLE,136.7,18.8,5.12,15.1,708.0
17,Baker Mayfield,TB,QB,26,1,0,27,16,255.8,16.0,2020,151.0,13.01,Baker Mayfield,QB,CLE,144.7,11.6,8.04,15.07,298.0
14,Ben Roethlisberger,FA,QB,33,0,0,33,15,277.2,18.5,2020,135.0,11.1,Ben Roethlisberger,QB,PIT,129.5,10.6,5.06,13.04,364.0
59,Benny Snell Jr.,FA,RB,0,4,0,4,16,64.9,4.1,2020,162.0,13.09,Benny Snell Jr.,RB,PIT,152.9,19.0,9.01,16.08,125.0
52,Boston Scott,PHI,RB,0,1,1,2,16,70.6,4.4,2020,127.0,10.12,Boston Scott,RB,PHI,120.1,9.1,7.12,13.04,442.0
16,Brandin Cooks,DAL,WR,0,0,6,6,15,151.0,10.1,2020,84.0,7.09,Brandin Cooks,WR,HOU,81.5,7.1,5.08,9.03,751.0
33,Brandon Aiyuk,SF,WR,0,2,5,7,12,124.5,10.4,2020,142.0,12.04,Brandon Aiyuk,WR,SF,135.9,9.4,8.09,14.09,190.0
72,Breshad Perriman,IND,WR,0,0,3,3,12,69.1,5.8,2020,163.0,13.09,Breshad Perriman,WR,NYJ,153.0,13.9,7.06,15.1,182.0
129,Bryan Edwards,NO,WR,0,0,1,1,12,25.3,2.1,2020,191.0,14.08,Bryan Edwards,WR,LV,164.2,14.0,11.02,16.01,63.0
4,Calvin Ridley,JAC,WR,0,0,9,9,15,191.5,12.8,2020,42.0,4.05,Calvin Ridley,WR,ATL,40.9,4.2,3.03,5.07,906.0
42,Cam Akers,LAR,RB,0,2,1,3,12,90.8,7.6,2020,54.0,5.05,Cam Akers,RB,LAR,52.8,5.7,3.06,6.08,809.0
16,Cam Newton,FA,QB,8,12,0,20,15,269.3,18.0,2020,128.0,11.01,Cam Newton,QB,NE,120.7,8.9,7.08,12.11,530.0
54,Carlos Hyde,FA,RB,0,4,0,4,10,68.9,6.9,2020,174.0,14.01,Carlos Hyde,RB,SEA,156.5,16.2,8.07,15.12,290.0
22,Carson Wentz,FA,QB,16,5,0,21,12,213.4,17.8,2020,112.0,9.12,Carson Wentz,QB,PHI,107.9,9.4,6.06,11.07,438.0
20,CeeDee Lamb,DAL,WR,0,1,5,6,16,143.7,9.0,2020,95.0,8.09,CeeDee Lamb,WR,DAL,93.2,8.0,4.05,10.04,611.0
30,Chase Edmonds,TB,RB,0,1,4,5,16,115.0,7.2,2020,104.0,9.05,Chase Edmonds,RB,ARI,101.1,7.4,6.11,10.12,446.0
16,Chris Carson,FA,RB,0,5,4,9,12,150.8,12.6,2020,27.0,3.02,Chris Carson,RB,SEA,26.4,4.0,1.1,4.01,883.0
30,Chris Godwin,TB,WR,0,0,7,7,12,126.0,10.5,2020,22.0,2.1,Chris Godwin,WR,TB,21.5,3.0,1.11,3.09,910.0
34,Chris Herndon IV,FA,TE,0,0,3,3,16,42.7,2.7,2020,166.0,13.1,Chris Herndon IV,TE,NYJ,153.9,17.6,7.09,16.06,315.0
51,Christian Kirk,JAC,WR,0,0,6,6,14,98.4,7.0,2020,120.0,10.09,Christian Kirk,WR,ARI,116.9,7.6,8.03,11.12,446.0
51,Christian McCaffrey,SF,RB,0,5,1,6,3,73.4,24.5,2020,1.0,1.01,Christian McCaffrey,RB,CAR,1.2,0.5,1.01,1.04,936.0
22,Clyde Edwards-Helaire,KC,RB,0,4,1,5,13,140.0,10.8,2020,6.0,1.06,Clyde Edwards-Helaire,RB,KC,6.2,1.7,1.01,1.11,782.0
34,Cooper Kupp,LAR,WR,0,0,3,3,15,116.7,7.8,2020,41.0,4.04,Cooper Kupp,WR,LAR,40.3,4.3,2.09,5.03,805.0
25,Curtis Samuel,WAS,WR,0,2,3,5,15,135.1,9.0,2020,189.0,14.08,Curtis Samuel,WR,CAR,163.9,11.5,12.04,15.12,67.0
20,D'Andre Swift,PHI,RB,0,8,2,10,13,143.8,11.1,2020,63.0,6.01,D'Andre Swift,RB,DET,61.4,5.5,4.04,7.03,556.0
32,Dak Prescott,DAL,QB,9,3,0,12,5,138.6,27.7,2020,57.0,5.07,Dak Prescott,QB,DAL,54.7,7.6,3.01,7.02,444.0
3,Dalvin Cook,FA,RB,0,16,1,17,14,293.8,21.0,2020,7.0,1.06,Dalvin Cook,RB,MIN,6.2,1.5,1.02,1.11,873.0
44,Damien Harris,BUF,RB,0,2,0,2,10,86.3,8.6,2020,105.0,9.05,Damien Harris,RB,NE,101.1,6.7,6.05,11.01,324.0
24,Daniel Jones,NYG,QB,11,1,0,12,14,190.2,13.6,2020,130.0,11.05,Daniel Jones,QB,NYG,125.4,9.3,8.06,12.12,331.0
56,Darius Slayton,NYG,WR,0,0,3,3,16,91.0,5.7,2020,117.0,10.05,Darius Slayton,WR,NYG,113.2,7.5,7.03,11.08,334.0
79,Darrel Williams,FA,RB,0,1,0,1,16,36.5,2.3,2020,160.0,13.08,Darrel Williams,RB,KC,152.3,19.6,9.07,16.07,143.0
2,Darren Waller,NYG,TE,0,0,9,9,16,171.6,10.7,2020,64.0,6.02,Darren Waller,TE,LV,61.6,6.4,4.01,8.05,564.0
1,Davante Adams,LV,WR,0,0,18,18,14,243.4,17.4,2020,10.0,1.1,Davante Adams,WR,GB,10.4,1.9,1.04,2.09,832.0
19,David Johnson,FA,RB,0,6,2,8,12,146.5,12.2,2020,29.0,3.04,David Johnson,RB,HOU,28.5,3.9,1.12,4.07,816.0
6,David Montgomery,DET,RB,0,8,2,10,15,210.8,14.1,2020,61.0,5.12,David Montgomery,RB,CHI,59.7,6.4,3.08,7.04,504.0
10,DeAndre Hopkins,TEN,WR,0,0,6,6,16,172.8,10.8,2020,19.0,2.07,DeAndre Hopkins,WR,ARI,18.5,3.4,1.06,3.04,931.0
115,DeSean Jackson,FA,WR,0,0,1,1,5,30.8,6.2,2020,134.0,11.07,DeSean Jackson,WR,PHI,127.1,9.3,9.01,13.06,339.0
46,DeVante Parker,NE,WR,0,0,4,4,14,103.3,7.4,2020,68.0,6.07,DeVante Parker,WR,MIA,66.7,5.8,2.08,8.02,754.0
97,Deebo Samuel,SF,WR,0,0,1,1,7,47.7,6.8,2020,91.0,8.05,Deebo Samuel,WR,SF,89.1,8.3,1.02,10.02,608.0
1,Derrick Henry,TEN,RB,0,17,0,17,16,314.1,19.6,2020,8.0,1.07,Derrick Henry,RB,TEN,7.4,1.7,1.02,1.12,900.0
5,Deshaun Watson,CLE,QB,33,3,0,36,16,376.4,23.5,2020,70.0,6.09,Deshaun Watson,QB,HOU,69.3,6.4,3.01,8.08,595.0
37,Devin Singletary,HOU,RB,0,2,0,2,16,105.6,6.6,2020,48.0,4.1,Devin Singletary,RB,BUF,46.4,6.4,2.1,6.08,469.0
26,Diontae Johnson,PIT,WR,0,0,7,7,15,133.8,8.9,2020,92.0,8.05,Diontae Johnson,WR,PIT,89.4,7.2,6.06,9.1,503.0
21,Drew Brees,FA,QB,24,2,0,26,12,215.4,18.0,2020,83.0,7.08,Drew Brees,QB,NO,80.1,9.2,2.11,9.09,386.0
23,Drew Lock,SEA,QB,16,3,0,19,13,196.4,15.1,2020,185.0,14.06,Drew Lock,QB,DEN,162.4,15.4,7.12,16.01,86.0
45,Emmanuel Sanders,FA,WR,0,0,5,5,14,103.8,7.4,2020,103.0,9.04,Emmanuel Sanders,WR,NO,100.0,7.8,6.08,10.11,549.0
18,Evan Engram,JAC,TE,0,1,1,2,16,78.0,4.9,2020,77.0,7.03,Evan Engram,TE,NYG,74.8,6.8,5.04,9.04,446.0
11,Ezekiel Elliott,FA,RB,0,6,2,8,15,171.7,11.4,2020,3.0,1.03,Ezekiel Elliott,RB,DAL,3.4,1.6,1.01,1.11,521.0
19,George Kittle,SF,TE,0,0,2,2,8,77.1,9.6,2020,25.0,2.12,George Kittle,TE,SF,24.4,3.9,1.08,3.11,816.0
93,Golden Tate,FA,WR,0,0,2,2,12,51.5,4.3,2020,152.0,13.01,Golden Tate,WR,NYG,145.3,14.2,8.11,15.07,228.0
11,Hayden Hurst,CAR,TE,0,0,6,6,16,93.1,5.8,2020,81.0,7.07,Hayden Hurst,TE,ATL,79.4,6.9,5.09,9.07,410.0
87,Henry Ruggs III,FA,WR,0,0,2,2,13,58.1,4.5,2020,108.0,9.09,Henry Ruggs III,WR,LV,104.5,7.6,4.1,11.1,463.0
15,Hunter Henry,NE,TE,0,0,4,4,14,85.3,6.1,2020,102.0,9.02,Hunter Henry,TE,LAC,98.0,10.9,5.04,12.05,406.0
17,J.K. Dobbins,BAL,RB,0,9,0,9,15,150.5,10.0,2020,69.0,6.07,J.K. Dobbins,RB,BAL,67.0,5.2,4.12,7.11,498.0
36,Jack Doyle,FA,TE,0,0,3,3,14,41.1,2.9,2020,165.0,13.1,Jack Doyle,TE,IND,153.7,19.2,8.1,16.11,87.0
90,Jalen Reagor,MIN,WR,0,0,1,1,11,56.2,5.1,2020,113.0,10.02,Jalen Reagor,WR,PHI,109.5,6.4,8.03,11.12,303.0
25,James Conner,ARI,RB,0,6,0,6,13,129.6,10.0,2020,23.0,2.1,James Conner,RB,PIT,22.4,3.4,2.01,4.01,852.0
57,James White,FA,RB,0,2,1,3,14,67.6,4.8,2020,75.0,7.01,James White,RB,NE,72.7,6.8,5.02,8.09,585.0
38,Jamison Crowder,NYG,WR,0,0,6,6,12,113.0,9.4,2020,107.0,9.07,Jamison Crowder,WR,NYJ,102.6,7.2,7.01,10.11,596.0
12,Jared Cook,FA,TE,0,0,7,7,15,90.4,6.0,2020,119.0,10.07,Jared Cook,TE,NO,115.2,15.3,3.01,14.05,483.0
18,Jared Goff,DET,QB,20,4,0,24,15,253.0,16.9,2020,154.0,13.03,Jared Goff,QB,LAR,147.2,14.1,7.12,15.07,357.0
35,Jarvis Landry,FA,WR,0,1,3,4,15,116.0,7.7,2020,89.0,8.01,Jarvis Landry,WR,CLE,85.5,7.6,5.02,9.08,733.0
40,Jerick McKinnon,KC,RB,0,5,1,6,16,93.2,5.8,2020,161.0,13.08,Jerick McKinnon,RB,SF,152.3,15.4,9.07,16.04,333.0
43,Jerry Jeudy,DEN,WR,0,0,3,3,16,105.6,6.6,2020,116.0,10.04,Jerry Jeudy,WR,DEN,112.3,7.7,7.1,11.08,444.0
38,Jimmy Garoppolo,LV,QB,7,0,0,7,6,69.4,11.6,2020,175.0,14.01,Jimmy Garoppolo,QB,SF,157.2,17.0,7.06,16.03,104.0
25,Joe Burrow,CIN,QB,13,3,0,16,10,178.6,17.9,2020,141.0,12.04,Joe Burrow,QB,CIN,135.7,9.2,7.03,14.12,295.0
49,Joe Mixon,CIN,RB,0,3,1,4,6,78.6,13.1,2020,13.0,2.01,Joe Mixon,RB,CIN,13.1,2.5,1.05,2.09,736.0
77,John Brown,FA,WR,0,0,3,3,9,63.8,7.1,2020,157.0,13.05,John Brown,WR,BUF,149.1,14.0,8.02,15.08,275.0
4,Jonathan Taylor,IND,RB,0,11,1,12,15,216.8,14.5,2020,33.0,3.09,Jonathan Taylor,RB,IND,32.6,4.6,1.05,4.08,726.0
9,Jonnu Smith,ATL,TE,0,1,8,9,15,99.2,6.6,2020,164.0,13.1,Jonnu Smith,TE,TEN,153.6,16.5,8.05,16.03,361.0
1,Josh Allen,BUF,QB,37,8,0,45,16,405.2,25.3,2020,106.0,9.05,Josh Allen,QB,BUF,101.5,10.0,4.11,11.09,484.0
8,Josh Jacobs,LV,RB,0,12,0,12,15,198.3,13.2,2020,9.0,1.09,Josh Jacobs,RB,LV,9.1,1.7,1.02,2.05,648.0
63,Joshua Kelley,LAC,RB,0,2,0,2,14,58.2,4.2,2020,169.0,13.11,Joshua Kelley,RB,LAC,154.5,16.1,10.09,16.06,159.0
22,JuJu Smith-Schuster,NE,WR,0,0,9,9,16,137.1,8.6,2020,38.0,4.01,JuJu Smith-Schuster,WR,PIT,36.9,4.0,2.12,4.12,895.0
109,Julian Edelman,FA,WR,0,0,0,0,6,35.2,5.9,2020,78.0,7.05,Julian Edelman,WR,NE,77.2,6.7,4.1,9.01,709.0
53,Julio Jones,FA,WR,0,0,3,3,9,95.1,10.6,2020,14.0,2.02,Julio Jones,WR,ATL,14.4,2.8,1.06,2.1,856.0
72,Justin Jackson,FA,RB,0,0,0,0,9,46.3,5.1,2020,145.0,12.06,Justin Jackson,RB,LAC,137.6,12.9,8.02,15.12,298.0
6,Justin Jefferson,MIN,WR,0,0,7,7,16,186.2,11.6,2020,129.0,11.02,Justin Jefferson,WR,MIN,121.5,10.3,6.03,12.06,297.0
10,Kareem Hunt,FA,RB,0,6,5,11,16,180.5,11.3,2020,55.0,5.05,Kareem Hunt,RB,CLE,53.1,6.0,2.09,6.08,835.0
18,Keenan Allen,LAC,WR,0,0,8,8,14,145.1,10.4,2020,56.0,5.06,Keenan Allen,WR,LAC,53.5,4.7,3.09,6.12,845.0
100,Kenny Golladay,FA,WR,0,0,2,2,5,45.8,9.2,2020,26.0,3.02,Kenny Golladay,WR,DET,25.8,3.1,2.01,3.11,820.0
12,Kenyan Drake,FA,RB,0,10,0,10,15,167.2,11.1,2020,15.0,2.03,Kenyan Drake,RB,ARI,14.8,2.7,1.07,2.12,1008.0
67,Kerryon Johnson,FA,RB,0,2,1,3,16,52.8,3.3,2020,101.0,9.01,Kerryon Johnson,RB,DET,97.2,7.7,6.02,10.1,525.0
2,Kyler Murray,ARI,QB,26,11,0,37,16,390.7,24.4,2020,66.0,6.03,Kyler Murray,QB,ARI,62.6,8.1,3.09,8.02,408.0
10,Lamar Jackson,BAL,QB,26,7,0,33,15,341.7,22.8,2020,24.0,2.11,Lamar Jackson,QB,BAL,22.7,5.6,1.01,3.1,765.0
98,Larry Fitzgerald,FA,WR,0,0,1,1,13,46.9,3.6,2020,186.0,14.07,Larry Fitzgerald,WR,ARI,162.8,15.1,9.03,16.02,248.0
32,Latavius Murray,BUF,RB,0,4,1,5,15,113.2,7.5,2020,97.0,8.11,Latavius Murray,RB,NO,94.9,7.2,6.03,9.12,489.0
39,Leonard Fournette,FA,RB,0,6,0,6,13,96.0,7.4,2020,36.0,3.11,Leonard Fournette,RB,TB,35.4,4.9,1.01,5.03,565.0
4,Mark Andrews,BAL,TE,0,0,7,7,14,112.1,8.0,2020,43.0,4.06,Mark Andrews,TE,BAL,42.4,6.3,2.01,5.12,508.0
32,Marquise Brown,ARI,WR,0,0,8,8,16,125.0,7.8,2020,62.0,5.12,Marquise Brown,WR,BAL,60.0,5.5,3.06,7.05,684.0
80,Matt Breida,NYG,RB,0,0,0,0,12,33.0,2.8,2020,94.0,8.07,Matt Breida,RB,MIA,90.5,7.5,5.05,10.04,456.0
12,Matt Ryan,FA,QB,26,2,0,28,16,293.3,18.3,2020,88.0,8.01,Matt Ryan,QB,ATL,84.8,8.7,4.03,10.03,433.0
15,Matthew Stafford,LAR,QB,26,0,0,26,16,270.5,16.9,2020,114.0,10.03,Matthew Stafford,QB,DET,111.3,8.1,7.11,11.11,569.0
36,Michael Gallup,DAL,WR,0,0,5,5,16,114.3,7.1,2020,74.0,6.12,Michael Gallup,WR,DAL,72.2,6.7,5.01,8.12,833.0
86,Michael Pittman Jr.,IND,WR,0,0,1,1,13,58.9,4.5,2020,159.0,13.08,Michael Pittman Jr.,WR,IND,151.7,12.7,10.05,15.08,203.0
102,Michael Thomas,NO,WR,0,0,0,0,7,43.9,6.3,2020,5.0,1.06,Michael Thomas,WR,NO,5.6,1.6,1.01,1.11,811.0
8,Mike Evans,TB,WR,0,0,13,13,16,178.6,11.2,2020,28.0,3.04,Mike Evans,WR,TB,27.9,3.2,2.03,4.01,782.0
6,Mike Gesicki,NE,TE,0,0,6,6,15,106.3,7.1,2020,153.0,13.02,Mike Gesicki,TE,MIA,146.5,19.5,8.05,15.12,511.0
42,Mike Williams,LAC,WR,0,0,5,5,15,105.7,7.0,2020,183.0,14.06,Mike Williams,WR,LAC,161.9,14.9,11.03,15.12,79.0
21,Miles Sanders,CAR,RB,0,6,0,6,12,142.4,11.9,2020,12.0,1.12,Miles Sanders,RB,PHI,12.0,2.3,1.01,2.09,652.0
106,N'Keal Harry,FA,WR,0,0,2,2,14,40.9,2.9,2020,177.0,14.03,N'Keal Harry,WR,NE,159.0,14.1,9.02,16.05,207.0
9,Nick Chubb,CLE,RB,0,12,0,12,12,191.7,16.0,2020,17.0,2.04,Nick Chubb,RB,CLE,16.3,3.1,1.01,2.12,910.0
13,Noah Fant,SEA,TE,0,0,3,3,15,87.3,5.8,2020,125.0,10.12,Noah Fant,TE,DEN,119.6,13.7,7.04,13.07,555.0
24,Nyheim Hines,BUF,RB,0,3,4,7,16,130.2,8.1,2020,146.0,12.08,Nyheim Hines,RB,IND,139.9,14.6,7.06,15.11,337.0
20,Philip Rivers,FA,QB,24,0,0,24,16,251.0,15.7,2020,179.0,14.04,Philip Rivers,QB,IND,159.6,16.0,8.02,16.01,162.0
61,Phillip Lindsay,FA,RB,0,1,0,1,11,59.0,5.4,2020,86.0,7.12,Phillip Lindsay,RB,DEN,83.8,7.6,5.03,9.03,601.0
89,Preston Williams,FA,WR,0,0,4,4,8,56.8,7.1,2020,136.0,11.11,Preston Williams,WR,MIA,130.9,9.1,8.05,13.01,233.0
47,Raheem Mostert,MIA,RB,0,2,1,3,8,83.7,10.5,2020,50.0,5.01,Raheem Mostert,RB,SF,49.4,6.1,3.06,6.09,776.0
8,Rob Gronkowski,FA,TE,0,0,7,7,16,104.3,6.5,2020,72.0,6.1,Rob Gronkowski,TE,TB,70.4,9.3,3.11,8.12,348.0
13,Robert Woods,HOU,WR,0,2,6,8,16,155.1,9.7,2020,44.0,4.06,Robert Woods,WR,LAR,42.4,3.6,3.07,5.06,795.0
15,Ronald Jones II,DAL,RB,0,7,1,8,14,158.3,11.3,2020,58.0,5.08,Ronald Jones II,RB,TB,56.5,5.5,3.08,6.12,838.0
6,Russell Wilson,DEN,QB,40,2,0,42,16,372.6,23.3,2020,65.0,6.02,Russell Wilson,QB,SEA,62.0,8.1,2.12,7.1,588.0
7,Ryan Tannehill,TEN,QB,33,7,0,40,16,350.3,21.9,2020,173.0,13.12,Ryan Tannehill,QB,TEN,156.4,13.9,9.12,15.12,227.0
94,Sammy Watkins,FA,WR,0,0,2,2,10,51.4,5.1,2020,148.0,12.08,Sammy Watkins,WR,KC,140.5,11.6,6.12,14.1,229.0
56,Sony Michel,FA,RB,0,1,1,2,9,68.3,7.6,2020,111.0,9.11,Sony Michel,RB,NE,107.4,9.4,5.05,11.07,342.0
3,Stefon Diggs,BUF,WR,0,0,8,8,16,201.6,12.6,2020,67.0,6.05,Stefon Diggs,WR,BUF,65.0,5.8,3.06,7.1,885.0
52,Sterling Shepard,NYG,WR,0,1,3,4,12,96.5,8.0,2020,122.0,10.11,Sterling Shepard,WR,NYG,118.9,9.2,6.01,13.04,512.0
5,T.J. Hockenson,MIN,TE,0,0,6,6,16,108.3,6.8,2020,149.0,12.11,T.J. Hockenson,TE,DET,143.1,17.4,8.01,15.1,648.0
41,T.Y. Hilton,FA,WR,0,0,5,5,15,108.2,7.2,2020,59.0,5.1,T.Y. Hilton,WR,IND,57.5,5.0,4.07,7.06,685.0
23,Terry McLaurin,WAS,WR,0,0,4,4,15,136.8,9.1,2020,53.0,5.03,Terry McLaurin,WR,WAS,50.8,3.9,2.11,6.07,667.0
8,Tom Brady,FA,QB,40,3,0,43,16,350.0,21.9,2020,90.0,8.04,Tom Brady,QB,TB,88.0,9.5,4.1,10.07,381.0
41,Tony Pollard,DAL,RB,0,4,1,5,16,92.8,5.8,2020,124.0,10.11,Tony Pollard,RB,DAL,119.4,8.7,8.03,12.11,266.0
1,Travis Kelce,KC,TE,0,0,11,11,15,207.8,13.9,2020,21.0,2.08,Travis Kelce,TE,KC,19.9,3.9,1.02,3.09,877.0
37,Tyler Boyd,CIN,WR,0,0,4,4,15,113.6,7.6,2020,79.0,7.06,Tyler Boyd,WR,CIN,78.5,7.0,5.01,8.12,873.0
16,Tyler Higbee,LAR,TE,0,0,5,5,15,84.2,5.6,2020,93.0,8.06,Tyler Higbee,TE,LAR,89.7,9.7,5.09,10.08,370.0
11,Tyler Lockett,SEA,WR,0,0,10,10,16,165.4,10.3,2020,51.0,5.02,Tyler Lockett,WR,SEA,49.9,4.3,3.02,6.07,701.0
2,Tyreek Hill,MIA,WR,0,2,15,17,15,241.9,16.1,2020,16.0,2.04,Tyreek Hill,WR,KC,15.8,3.1,1.05,3.01,944.0
35,Zach Ertz,ARI,TE,0,0,1,1,11,41.5,3.8,2020,52.0,5.03,Zach Ertz,TE,PHI,50.6,6.9,2.12,6.09,627.0
43,Zack Moss,IND,RB,0,4,1,5,13,87.6,6.7,2020,85.0,7.12,Zack Moss,RB,BUF,83.7,7.4,5.07,9.03,657.0
32,A.J. Brown,PHI,WR,0,0,5,5,13,117.9,9.1,2021,25.0,3.01,A.J. Brown,WR,TEN,24.8,2.4,2.04,3.08,1020.0
43,A.J. Green,FA,WR,0,0,3,3,16,102.8,6.4,2021,182.0,14.01,A.J. Green,WR,ARI,156.6,20.9,6.11,16.09,96.0
13,Aaron Jones,GB,RB,0,4,6,10,15,177.0,11.8,2021,7.0,1.07,Aaron Jones,RB,GB,7.5,1.7,1.04,2.01,1257.0
6,Aaron Rodgers,NYJ,QB,37,3,0,40,16,336.3,21.0,2021,61.0,5.11,Aaron Rodgers,QB,GB,59.0,6.6,3.06,7.07,949.0
27,Adam Thielen,CAR,WR,0,0,10,10,13,132.8,10.2,2021,52.0,5.04,Adam Thielen,WR,MIN,52.3,4.9,2.03,6.07,957.0
42,Adam Trautman,DEN,TE,0,0,2,2,11,36.3,3.3,2021,174.0,13.08,Adam Trautman,TE,NO,151.9,20.2,6.12,17.02,78.0
40,Alexander Mattison,MIN,RB,0,3,1,4,16,93.9,5.9,2021,110.0,9.1,Alexander Mattison,RB,MIN,106.5,9.5,6.02,12.07,333.0
9,Alvin Kamara,NO,RB,0,4,5,9,13,187.7,14.4,2021,3.0,1.04,Alvin Kamara,RB,NO,3.8,1.0,1.01,1.08,1500.0
26,Amari Cooper,CLE,WR,0,0,8,8,15,134.5,9.0,2021,40.0,4.04,Amari Cooper,WR,DAL,40.0,3.5,3.02,5.02,1136.0
23,Amon-Ra St. Brown,DET,WR,0,1,5,6,16,137.3,8.6,2021,188.0,14.03,Amon-Ra St. Brown,WR,DET,158.5,14.7,9.02,17.1,167.0
57,Antonio Brown,FA,WR,0,0,4,4,7,79.1,11.3,2021,74.0,7.01,Antonio Brown,WR,TB,72.7,6.3,5.01,8.09,837.0
10,Antonio Gibson,WAS,RB,0,7,3,10,16,187.1,11.7,2021,16.0,2.04,Antonio Gibson,RB,WAS,15.6,2.3,1.07,2.1,1083.0
2,Austin Ekeler,LAC,RB,0,12,8,20,16,273.8,17.1,2021,9.0,1.09,Austin Ekeler,RB,LAC,8.5,2.0,1.02,2.04,1363.0
25,Baker Mayfield,TB,QB,17,1,0,18,14,193.8,13.8,2021,142.0,12.02,Baker Mayfield,QB,CLE,134.3,13.7,8.02,15.04,280.0
21,Ben Roethlisberger,FA,QB,22,1,0,23,16,228.0,14.3,2021,156.0,12.11,Ben Roethlisberger,QB,PIT,143.2,15.3,8.02,15.03,240.0
20,Brandin Cooks,DAL,WR,0,0,6,6,16,141.8,8.9,2021,107.0,9.07,Brandin Cooks,WR,HOU,102.9,9.9,5.03,11.04,547.0
34,Brandon Aiyuk,SF,WR,0,0,5,5,17,114.3,6.7,2021,56.0,5.06,Brandon Aiyuk,WR,SF,53.9,4.5,3.09,6.08,676.0
62,Bryan Edwards,NO,WR,0,0,3,3,16,75.1,4.7,2021,163.0,13.04,Bryan Edwards,WR,LV,148.2,20.3,6.1,15.09,113.0
107,Calvin Ridley,JAC,WR,0,0,2,2,5,40.1,8.0,2021,18.0,2.06,Calvin Ridley,WR,ATL,18.0,2.1,1.09,3.01,1475.0
84,Carlos Hyde,FA,RB,0,1,0,1,12,33.8,2.8,2021,208.0,15.05,Carlos Hyde,RB,JAX,172.7,14.7,11.04,18.03,60.0
14,Carson Wentz,FA,QB,27,1,0,28,17,264.9,15.6,2021,204.0,14.11,Carson Wentz,QB,IND,167.1,11.8,11.04,17.08,44.0
14,CeeDee Lamb,DAL,WR,0,0,6,6,16,153.8,9.6,2021,31.0,3.06,CeeDee Lamb,WR,DAL,29.6,2.8,2.05,4.03,1058.0
36,Chase Claypool,CHI,WR,0,0,2,2,15,107.6,7.2,2021,63.0,6.01,Chase Claypool,WR,PIT,61.1,4.8,3.11,6.12,622.0
37,Chase Edmonds,TB,RB,0,2,0,2,12,100.3,8.4,2021,62.0,5.12,Chase Edmonds,RB,ARI,60.4,6.2,3.1,7.04,923.0
75,Chris Carson,FA,RB,0,3,0,3,4,42.1,10.5,2021,28.0,3.04,Chris Carson,RB,SEA,28.0,3.2,2.01,4.02,1273.0
19,Chris Godwin,TB,WR,0,1,5,6,14,144.4,10.3,2021,49.0,4.11,Chris Godwin,WR,TB,47.2,5.0,3.05,6.06,1276.0
44,Christian McCaffrey,SF,RB,0,1,1,2,7,90.5,12.9,2021,1.0,1.01,Christian McCaffrey,RB,CAR,1.2,0.5,1.01,1.05,1368.0
32,Chuba Hubbard,CAR,RB,0,5,1,6,16,112.6,7.0,2021,133.0,11.08,Chuba Hubbard,RB,CAR,127.6,10.5,8.09,13.1,294.0
38,Clyde Edwards-Helaire,KC,RB,0,4,2,6,10,97.5,9.8,2021,21.0,2.08,Clyde Edwards-Helaire,RB,KC,20.4,2.3,2.01,3.06,1255.0
58,Cole Beasley,NYG,WR,0,0,1,1,16,77.3,4.8,2021,173.0,13.07,Cole Beasley,WR,BUF,150.9,16.4,9.05,16.02,268.0
1,Cooper Kupp,LAR,WR,0,0,16,16,17,294.5,17.3,2021,43.0,4.05,Cooper Kupp,WR,LAR,41.3,3.4,3.09,5.06,1331.0
64,Corey Davis,NYJ,WR,0,0,4,4,9,71.2,7.9,2021,91.0,8.06,Corey Davis,WR,NYJ,89.6,7.1,5.12,10.04,1157.0
47,Courtland Sutton,DEN,WR,0,0,2,2,17,92.2,5.4,2021,88.0,8.02,Courtland Sutton,WR,DEN,85.7,7.1,2.05,9.07,919.0
23,D'Andre Swift,PHI,RB,0,5,2,7,13,146.9,11.3,2021,34.0,3.1,D'Andre Swift,RB,DET,34.0,4.1,1.08,5.02,743.0
7,Dak Prescott,DAL,QB,37,1,0,38,16,330.4,20.7,2021,67.0,6.07,Dak Prescott,QB,DAL,66.7,8.6,2.11,8.07,933.0
8,Dallas Goedert,PHI,TE,0,0,4,4,15,109.0,7.3,2021,98.0,8.1,Dallas Goedert,TE,PHI,93.9,10.1,4.05,11.04,388.0
15,Dalvin Cook,FA,RB,0,6,0,6,13,172.3,13.3,2021,2.0,1.03,Dalvin Cook,RB,MIN,2.5,0.7,1.01,1.06,1292.0
8,Damien Harris,BUF,RB,0,15,0,15,15,192.1,12.8,2021,58.0,5.07,Damien Harris,RB,NE,55.5,6.1,3.04,6.1,1128.0
72,Damien Williams,FA,RB,0,2,1,3,12,44.7,3.7,2021,160.0,13.02,Damien Williams,RB,CHI,146.0,23.8,9.12,16.1,78.0
22,Darnell Mooney,CHI,WR,0,1,4,5,17,138.7,8.2,2021,114.0,10.01,Darnell Mooney,WR,CHI,109.0,7.0,7.12,11.09,499.0
22,Darrel Williams,FA,RB,0,6,2,8,17,149.0,8.8,2021,171.0,13.06,Darrel Williams,RB,KC,150.3,15.6,10.04,16.04,266.0
18,Darren Waller,NYG,TE,0,0,2,2,11,78.5,7.1,2021,22.0,2.09,Darren Waller,TE,LV,21.5,3.3,1.05,3.06,1286.0
5,Davante Adams,LV,WR,0,0,11,11,16,221.3,13.8,2021,6.0,1.06,Davante Adams,WR,GB,6.4,1.6,1.01,1.12,1190.0
67,David Johnson,FA,RB,0,0,1,1,13,49.3,3.8,2021,119.0,10.07,David Johnson,RB,HOU,115.0,9.6,8.09,12.12,307.0
20,David Montgomery,DET,RB,0,7,0,7,14,154.0,11.0,2021,26.0,3.02,David Montgomery,RB,CHI,25.9,3.4,2.02,3.12,814.0
39,DeAndre Hopkins,TEN,WR,0,0,8,8,10,105.2,10.5,2021,17.0,2.05,DeAndre Hopkins,WR,ARI,17.0,2.3,1.07,2.11,1549.0
70,DeVante Parker,NE,WR,0,0,2,2,10,63.5,6.4,2021,199.0,14.06,DeVante Parker,WR,MIA,162.3,14.0,10.06,15.12,101.0
30,DeVonta Smith,PHI,WR,0,0,5,5,17,121.6,7.2,2021,79.0,7.06,DeVonta Smith,WR,PHI,77.6,6.2,4.09,8.12,793.0
2,Deebo Samuel,SF,WR,0,8,6,14,16,262.0,16.4,2021,92.0,8.06,Deebo Samuel,WR,SF,89.8,6.9,5.04,9.12,504.0
14,Derrick Henry,TEN,RB,0,10,0,10,8,175.3,21.9,2021,4.0,1.04,Derrick Henry,RB,TEN,4.0,1.3,1.01,1.08,460.0
19,Devin Singletary,HOU,RB,0,7,1,8,17,157.8,9.3,2021,95.0,8.07,Devin Singletary,RB,BUF,91.2,9.2,6.01,9.1,413.0
35,Devontae Booker,FA,RB,0,2,1,3,16,104.1,6.5,2021,181.0,13.11,Devontae Booker,RB,NYG,155.5,16.0,10.03,16.1,73.0
12,Diontae Johnson,PIT,WR,0,0,8,8,16,167.4,10.5,2021,46.0,4.09,Diontae Johnson,WR,PIT,44.9,4.3,2.12,6.01,939.0
46,Elijah Moore,CLE,WR,0,1,5,6,11,95.2,8.7,2021,140.0,12.01,Elijah Moore,WR,NYJ,132.6,10.0,9.07,14.03,379.0
23,Evan Engram,JAC,TE,0,0,3,3,15,56.5,3.8,2021,172.0,13.07,Evan Engram,TE,NYG,150.9,24.2,6.06,17.08,181.0
6,Ezekiel Elliott,FA,RB,0,10,2,12,17,205.1,12.1,2021,5.0,1.05,Ezekiel Elliott,RB,DAL,5.3,1.1,1.02,1.12,1148.0
4,George Kittle,SF,TE,0,0,6,6,14,127.0,9.1,2021,29.0,3.04,George Kittle,TE,SF,28.5,3.6,1.11,4.05,1097.0
21,Gerald Everett,LAC,TE,0,0,4,4,15,69.8,4.7,2021,183.0,14.01,Gerald Everett,TE,SEA,156.6,18.5,9.12,17.09,240.0
81,Giovani Bernard,FA,RB,0,0,3,3,10,36.1,3.6,2021,127.0,11.01,Giovani Bernard,RB,TB,120.9,10.3,5.11,13.03,450.0
74,Henry Ruggs III,FA,WR,0,0,2,2,7,60.5,8.6,2021,130.0,11.04,Henry Ruggs III,WR,LV,123.9,11.0,6.07,13.05,317.0
7,Hunter Henry,NE,TE,0,0,9,9,16,114.3,7.1,2021,168.0,13.06,Hunter Henry,TE,NE,149.7,22.3,7.12,16.09,332.0
50,J.D. McKissic,FA,RB,0,2,2,4,11,84.9,7.7,2021,122.0,10.09,J.D. McKissic,RB,WAS,116.8,10.4,7.02,13.03,535.0
3,Ja'Marr Chase,CIN,WR,0,0,13,13,17,223.6,13.2,2021,78.0,7.05,Ja'Marr Chase,WR,CIN,77.4,5.8,5.01,8.08,606.0
41,Jakobi Meyers,LV,WR,0,0,2,2,16,103.3,6.5,2021,120.0,10.08,Jakobi Meyers,WR,NE,116.2,9.9,6.12,12.06,663.0
9,Jalen Hurts,PHI,QB,16,10,0,26,15,321.2,21.4,2021,105.0,9.04,Jalen Hurts,QB,PHI,100.2,10.2,4.11,11.07,605.0
41,Jamaal Williams,NO,RB,0,3,0,3,13,93.8,7.2,2021,96.0,8.08,Jamaal Williams,RB,DET,92.0,7.5,5.11,10.11,709.0
32,Jameis Winston,NO,QB,14,1,0,15,7,120.3,17.2,2021,145.0,12.05,Jameis Winston,QB,NO,137.3,11.8,8.06,14.11,324.0
5,James Conner,ARI,RB,0,15,3,18,15,220.7,14.7,2021,101.0,8.12,James Conner,RB,ARI,96.2,8.2,6.12,10.09,633.0
25,James Robinson,NYG,RB,0,8,0,8,14,142.9,10.2,2021,30.0,3.05,James Robinson,RB,JAX,29.1,3.3,1.12,4.05,1141.0
15,Jared Cook,FA,TE,0,0,4,4,16,84.4,5.3,2021,179.0,13.11,Jared Cook,TE,LAC,155.0,19.2,7.08,18.06,70.0
56,Jarvis Landry,FA,WR,0,2,2,4,12,81.0,6.8,2021,123.0,10.1,Jarvis Landry,WR,CLE,118.2,9.0,6.11,13.05,486.0
18,Javonte Williams,DEN,RB,0,4,3,7,17,161.9,9.5,2021,53.0,5.05,Javonte Williams,RB,DEN,52.7,6.5,3.06,6.08,931.0
21,Jaylen Waddle,MIA,WR,0,1,6,7,16,141.8,8.9,2021,103.0,9.03,Jaylen Waddle,WR,MIA,99.2,7.8,5.04,10.11,855.0
95,Jerry Jeudy,DEN,WR,0,0,0,0,10,47.0,4.7,2021,66.0,6.04,Jerry Jeudy,WR,DEN,64.1,5.2,4.08,7.06,1034.0
8,Joe Burrow,CIN,QB,34,2,0,36,16,328.1,20.5,2021,115.0,10.04,Joe Burrow,QB,CIN,112.4,8.7,7.02,11.11,344.0
3,Joe Mixon,CIN,RB,0,13,3,16,16,245.9,15.4,2021,19.0,2.07,Joe Mixon,RB,CIN,19.2,2.6,1.11,3.04,1115.0
1,Jonathan Taylor,IND,RB,0,18,2,20,17,333.1,19.6,2021,15.0,2.02,Jonathan Taylor,RB,IND,13.8,2.6,1.04,2.08,1217.0
33,Jonnu Smith,ATL,TE,0,0,1,1,16,39.4,2.5,2021,139.0,11.11,Jonnu Smith,TE,NE,130.7,15.6,7.03,15.09,770.0
1,Josh Allen,BUF,QB,36,6,0,42,17,417.7,24.6,2021,35.0,3.1,Josh Allen,QB,BUF,34.4,4.6,1.02,5.02,924.0
16,Josh Jacobs,LV,RB,0,9,0,9,15,172.0,11.5,2021,37.0,3.11,Josh Jacobs,RB,LV,35.4,4.1,2.06,5.04,838.0
139,JuJu Smith-Schuster,NE,WR,0,1,0,1,5,19.8,4.0,2021,84.0,7.11,JuJu Smith-Schuster,WR,PIT,82.5,6.8,6.05,9.06,735.0
92,Julio Jones,FA,WR,0,0,1,1,10,49.4,4.9,2021,48.0,4.1,Julio Jones,WR,TEN,46.0,4.6,3.05,6.08,1115.0
31,Justin Fields,CHI,QB,7,2,0,9,12,136.9,11.4,2021,131.0,11.06,Justin Fields,QB,CHI,125.6,12.0,7.04,14.05,795.0
2,Justin Herbert,LAC,QB,38,3,0,41,17,395.6,23.3,2021,70.0,6.09,Justin Herbert,QB,LAC,69.3,7.4,4.02,8.05,699.0
60,Justin Jackson,FA,RB,0,2,0,2,14,64.2,4.6,2021,176.0,13.11,Justin Jackson,RB,LAC,154.6,26.7,10.05,17.05,61.0
4,Justin Jefferson,MIN,WR,0,0,10,10,17,222.4,13.1,2021,23.0,2.1,Justin Jefferson,WR,MIN,22.4,1.9,2.01,3.04,1088.0
46,Kareem Hunt,FA,RB,0,5,0,5,8,88.0,11.0,2021,55.0,5.05,Kareem Hunt,RB,CLE,53.2,5.8,3.01,6.1,827.0
15,Keenan Allen,LAC,WR,0,0,6,6,16,151.8,9.5,2021,27.0,3.02,Keenan Allen,WR,LAC,25.9,2.6,2.04,3.12,1428.0
45,Kenneth Gainwell,PHI,RB,0,5,1,6,16,90.4,5.7,2021,177.0,13.11,Kenneth Gainwell,RB,PHI,154.8,14.0,9.08,16.04,127.0
86,Kenny Golladay,FA,WR,0,0,0,0,14,52.1,3.7,2021,85.0,7.11,Kenny Golladay,WR,NYG,82.8,6.8,5.11,9.1,566.0
57,Kenyan Drake,FA,RB,0,2,1,3,12,72.5,6.0,2021,108.0,9.07,Kenyan Drake,RB,LV,102.9,8.2,7.04,11.08,577.0
11,Kirk Cousins,MIN,QB,33,1,0,34,16,307.3,19.2,2021,197.0,14.05,Kirk Cousins,QB,MIN,160.9,17.8,3.07,17.08,158.0
9,Kyle Pitts,ATL,TE,0,0,1,1,17,108.6,6.4,2021,41.0,4.04,Kyle Pitts,TE,ATL,40.3,5.3,2.1,5.08,937.0
10,Kyler Murray,ARI,QB,24,5,0,29,14,310.5,22.2,2021,42.0,4.05,Kyler Murray,QB,ARI,41.3,4.3,2.05,6.01,748.0
15,Lamar Jackson,BAL,QB,16,2,0,18,12,253.0,21.1,2021,51.0,5.03,Lamar Jackson,QB,BAL,50.9,6.7,1.08,7.09,773.0
42,Latavius Murray,BUF,RB,0,6,0,6,14,93.6,6.7,2021,138.0,11.11,Latavius Murray,RB,BAL,130.6,14.0,7.1,13.11,215.0
69,Laviska Shenault Jr.,CAR,WR,0,0,0,0,16,64.0,4.0,2021,89.0,8.02,Laviska Shenault Jr.,WR,JAX,85.9,6.2,6.01,9.09,795.0
11,Leonard Fournette,FA,RB,0,8,2,10,14,186.6,13.3,2021,93.0,8.06,Leonard Fournette,RB,TB,90.1,7.3,6.02,10.05,570.0
45,Logan Thomas,WAS,TE,0,0,3,3,5,35.6,7.1,2021,73.0,6.12,Logan Thomas,TE,WAS,72.2,6.8,3.09,10.08,732.0
18,Mac Jones,NE,QB,22,0,0,22,17,238.0,14.0,2021,186.0,14.01,Mac Jones,QB,NE,157.4,24.5,10.07,18.05,80.0
1,Mark Andrews,BAL,TE,0,0,9,9,17,194.1,11.4,2021,54.0,5.05,Mark Andrews,TE,BAL,52.8,5.9,3.02,6.08,958.0
38,Marquez Callaway,DEN,WR,0,0,6,6,17,105.8,6.2,2021,94.0,8.06,Marquez Callaway,WR,NO,90.5,8.9,5.07,10.1,931.0
73,Marquez Valdes-Scantling,KC,WR,0,0,3,3,11,61.0,5.5,2021,207.0,15.03,Marquez Valdes-Scantling,WR,GB,170.9,23.5,9.08,18.05,47.0
25,Marquise Brown,ARI,WR,0,0,6,6,16,135.3,8.5,2021,154.0,12.09,Marquise Brown,WR,BAL,140.9,14.9,7.09,15.03,247.0
20,Matt Ryan,FA,QB,20,1,0,21,17,234.8,13.8,2021,137.0,11.1,Matt Ryan,QB,ATL,129.8,14.2,8.03,13.04,302.0
5,Matthew Stafford,LAR,QB,41,0,0,41,17,346.8,20.4,2021,87.0,8.01,Matthew Stafford,QB,LAR,85.0,10.7,3.07,10.03,781.0
30,Michael Carter,NYJ,RB,0,4,0,4,14,118.4,8.5,2021,77.0,7.04,Michael Carter,RB,NYJ,76.1,5.0,5.05,8.08,709.0
81,Michael Gallup,DAL,WR,0,0,2,2,9,56.5,6.3,2021,144.0,12.03,Michael Gallup,WR,DAL,135.4,11.0,9.08,13.12,284.0
16,Michael Pittman Jr.,IND,WR,0,0,6,6,17,150.6,8.9,2021,109.0,9.08,Michael Pittman Jr.,WR,IND,104.4,8.1,7.06,10.12,689.0
39,Mike Davis,FA,RB,0,3,1,4,17,94.2,5.5,2021,44.0,4.07,Mike Davis,RB,ATL,43.1,5.2,3.05,6.06,1311.0
6,Mike Evans,TB,WR,0,0,14,14,16,188.5,11.8,2021,38.0,4.02,Mike Evans,WR,TB,37.8,3.3,2.09,4.11,1073.0
11,Mike Gesicki,NE,TE,0,0,2,2,17,92.0,5.4,2021,117.0,10.06,Mike Gesicki,TE,MIA,114.3,16.4,5.07,14.06,792.0
9,Mike Williams,LAC,WR,0,0,9,9,16,170.6,10.7,2021,121.0,10.08,Mike Williams,WR,LAC,116.2,7.7,6.12,13.06,477.0
43,Miles Sanders,CAR,RB,0,0,0,0,12,91.2,7.6,2021,39.0,4.03,Miles Sanders,RB,PHI,38.7,4.4,2.02,5.01,789.0
28,Myles Gaskin,MIA,RB,0,3,4,7,17,124.6,7.3,2021,47.0,4.1,Myles Gaskin,RB,MIA,45.7,4.8,2.12,5.09,1016.0
4,Najee Harris,PIT,RB,0,7,3,10,17,226.7,13.3,2021,13.0,2.01,Najee Harris,RB,PIT,12.9,2.5,1.02,2.07,1285.0
66,Nelson Agholor,BAL,WR,0,0,3,3,15,66.4,4.4,2021,206.0,15.03,Nelson Agholor,WR,NE,170.7,25.1,10.02,18.05,46.0
7,Nick Chubb,CLE,RB,0,8,1,9,14,195.3,14.0,2021,10.0,1.1,Nick Chubb,RB,CLE,9.9,2.2,1.05,2.06,1139.0
13,Noah Fant,SEA,TE,0,0,4,4,16,91.0,5.7,2021,82.0,7.07,Noah Fant,TE,DEN,79.2,7.8,5.04,9.04,328.0
56,Nyheim Hines,BUF,RB,0,2,1,3,17,72.6,4.3,2021,126.0,11.01,Nyheim Hines,RB,IND,120.6,11.9,4.11,13.06,548.0
12,Pat Freiermuth,PIT,TE,0,0,7,7,16,91.7,5.7,2021,185.0,14.01,Pat Freiermuth,TE,PIT,157.3,23.8,7.12,18.06,116.0
4,Patrick Mahomes,KC,QB,37,2,0,39,17,374.2,22.0,2021,24.0,2.11,Patrick Mahomes,QB,KC,22.9,6.2,1.01,4.04,935.0
76,Phillip Lindsay,FA,RB,0,1,1,2,14,41.4,3.0,2021,111.0,9.12,Phillip Lindsay,RB,MIA,107.5,7.1,7.02,11.1,417.0
68,Randall Cobb,NYJ,WR,0,0,5,5,11,65.6,6.0,2021,192.0,14.04,Randall Cobb,WR,GB,159.7,18.2,9.04,16.04,105.0
31,Rashaad Penny,PHI,RB,0,6,0,6,10,115.7,11.6,2021,147.0,12.06,Rashaad Penny,RB,SEA,137.9,12.0,9.05,15.05,161.0
36,Rhamondre Stevenson,NE,RB,0,5,0,5,12,100.9,8.4,2021,128.0,11.01,Rhamondre Stevenson,RB,NE,121.3,12.2,6.09,13.06,570.0
5,Rob Gronkowski,FA,TE,0,0,6,6,12,116.2,9.7,2021,155.0,12.11,Rob Gronkowski,TE,TB,142.8,22.8,6.01,16.05,586.0
48,Robert Woods,HOU,WR,0,1,4,5,9,92.2,10.2,2021,36.0,3.11,Robert Woods,WR,LAR,35.1,3.1,2.11,4.09,1117.0
58,Ronald Jones II,DAL,RB,0,4,0,4,15,69.2,4.6,2021,83.0,7.08,Ronald Jones II,RB,TB,79.8,5.8,4.08,9.03,701.0
85,Rondale Moore,ARI,WR,0,0,1,1,14,55.1,3.9,2021,161.0,13.02,Rondale Moore,WR,ARI,146.4,16.1,7.09,15.09,242.0
45,Russell Gage,TB,WR,0,0,4,4,13,97.0,7.5,2021,141.0,12.02,Russell Gage,WR,ATL,133.8,10.4,8.06,13.08,328.0
16,Russell Wilson,DEN,QB,25,2,0,27,14,248.7,17.8,2021,71.0,6.09,Russell Wilson,QB,SEA,69.4,7.0,3.12,8.03,1224.0
12,Ryan Tannehill,TEN,QB,21,7,0,28,17,282.3,16.6,2021,100.0,8.12,Ryan Tannehill,QB,TEN,96.1,9.6,4.08,11.04,900.0
34,Saquon Barkley,NYG,RB,0,2,2,4,14,107.6,7.7,2021,12.0,1.12,Saquon Barkley,RB,NYG,12.0,2.8,1.03,2.08,1157.0
27,Sony Michel,FA,RB,0,4,1,5,17,125.3,7.4,2021,97.0,8.09,Sony Michel,RB,LAR,93.4,9.9,4.1,10.11,827.0
8,Stefon Diggs,BUF,WR,0,0,10,10,17,182.5,10.7,2021,14.0,2.01,Stefon Diggs,WR,BUF,13.5,2.4,1.05,2.09,1282.0
16,T.J. Hockenson,MIN,TE,0,0,4,4,12,84.3,7.0,2021,57.0,5.07,T.J. Hockenson,TE,DET,55.4,4.8,3.12,6.1,626.0
17,Tee Higgins,CIN,WR,0,0,6,6,14,145.1,10.4,2021,64.0,6.01,Tee Higgins,WR,CIN,61.3,6.6,4.03,7.05,789.0
24,Terry McLaurin,WAS,WR,0,0,5,5,17,136.5,8.0,2021,32.0,3.06,Terry McLaurin,WR,WAS,30.3,2.8,2.09,4.03,1279.0
77,Tevin Coleman,FA,RB,0,0,0,0,11,40.5,3.7,2021,150.0,12.07,Tevin Coleman,RB,NYJ,139.0,17.2,4.04,15.05,189.0
3,Tom Brady,FA,QB,43,2,0,45,17,386.7,22.7,2021,80.0,7.06,Tom Brady,QB,TB,77.8,7.9,5.03,9.08,753.0
29,Tony Pollard,DAL,RB,0,2,0,2,15,123.6,8.2,2021,106.0,9.07,Tony Pollard,RB,DAL,102.7,7.4,6.06,10.12,325.0
2,Travis Kelce,KC,TE,0,1,9,10,16,170.8,10.7,2021,8.0,1.08,Travis Kelce,TE,KC,8.2,2.1,1.02,2.03,1052.0
22,Trevor Lawrence,JAC,QB,12,2,0,14,17,216.0,12.7,2021,159.0,13.01,Trevor Lawrence,QB,JAX,144.7,14.7,7.12,15.1,431.0
39,Trey Lance,SF,QB,5,1,0,6,6,67.0,11.2,2021,124.0,10.1,Trey Lance,QB,SF,118.2,9.8,6.08,13.03,532.0
26,Tua Tagovailoa,MIA,QB,16,3,0,19,13,190.9,14.7,2021,196.0,14.05,Tua Tagovailoa,QB,MIA,160.6,20.0,8.03,15.12,174.0
33,Tyler Boyd,CIN,WR,0,0,5,5,16,116.8,7.3,2021,102.0,9.01,Tyler Boyd,WR,CIN,97.3,8.6,5.12,10.07,821.0
14,Tyler Higbee,LAR,TE,0,0,5,5,15,86.0,5.7,2021,99.0,8.12,Tyler Higbee,TE,LAR,95.8,9.7,5.12,11.09,831.0
11,Tyler Lockett,SEA,WR,0,0,8,8,16,168.4,10.5,2021,50.0,4.12,Tyler Lockett,WR,SEA,48.4,5.4,3.02,6.02,1334.0
7,Tyreek Hill,MIA,WR,0,0,9,9,17,185.5,10.9,2021,11.0,1.11,Tyreek Hill,WR,KC,10.6,2.2,1.01,2.04,1323.0
10,Zach Ertz,ARI,TE,0,0,5,5,17,106.7,6.3,2021,184.0,14.01,Zach Ertz,TE,ARI,157.1,28.8,7.04,18.06,79.0
30,Zach Wilson,NYJ,QB,9,4,0,13,13,162.9,12.5,2021,167.0,13.05,Zach Wilson,QB,NYJ,149.1,24.8,8.09,17.04,101.0
53,Zack Moss,IND,RB,0,4,1,5,13,82.2,6.3,2021,86.0,7.12,Zack Moss,RB,BUF,83.8,7.1,6.04,9.04,450.0
4,A.J. Brown,PHI,WR,0,0,11,11,17,211.6,12.4,2022,30.0,3.04,A.J. Brown,WR,PHI,27.8,3.3,1.12,4.11,3395.0
110,A.J. Green,FA,WR,0,0,2,2,13,37.6,2.9,2022,149.0,12.05,A.J. Green,WR,ARI,137.1,49.7,1.04,17.02,19.0
11,Aaron Jones,GB,RB,0,2,5,7,17,189.6,11.2,2022,16.0,2.03,Aaron Jones,RB,GB,15.5,2.6,1.02,3.02,5366.0
13,Aaron Rodgers,NYJ,QB,26,1,0,27,17,251.3,14.8,2022,80.0,7.05,Aaron Rodgers,QB,GB,77.0,9.3,1.1,10.06,2423.0
36,Adam Thielen,CAR,WR,0,0,6,6,17,110.0,6.5,2022,65.0,6.03,Adam Thielen,WR,MIN,62.7,6.2,3.02,7.11,4122.0
69,Albert Okwuegbunam,DEN,TE,0,0,1,1,6,15.5,2.6,2022,180.0,13.09,Albert Okwuegbunam,TE,DEN,152.6,19.6,7.05,18.06,1170.0
60,Alec Pierce,IND,WR,0,0,2,2,16,71.3,4.5,2022,234.0,14.1,Alec Pierce,WR,IND,165.8,27.1,3.06,18.05,85.0
51,Alexander Mattison,MIN,RB,0,5,1,6,17,73.4,4.3,2022,99.0,8.1,Alexander Mattison,RB,MIN,94.3,7.1,4.04,10.06,1251.0
30,Allen Lazard,NYJ,WR,0,0,6,6,15,114.8,7.7,2022,102.0,9.03,Allen Lazard,WR,GB,99.3,8.5,5.03,11.06,5079.0
18,Alvin Kamara,NO,RB,0,2,2,4,15,154.7,10.3,2022,18.0,2.05,Alvin Kamara,RB,NO,17.4,3.4,1.03,3.06,6509.0
8,Amari Cooper,CLE,WR,0,0,9,9,17,169.0,9.9,2022,76.0,7.01,Amari Cooper,WR,CLE,73.3,6.4,4.01,9.03,2710.0
9,Amon-Ra St. Brown,DET,WR,0,0,6,6,16,161.6,10.1,2022,84.0,7.08,Amon-Ra St. Brown,WR,DET,80.4,7.8,4.01,10.11,5143.0
35,Antonio Gibson,WAS,RB,0,3,2,5,15,119.9,8.0,2022,45.0,4.06,Antonio Gibson,RB,WAS,42.4,5.3,1.06,6.08,2224.0
4,Austin Ekeler,LAC,RB,0,13,5,18,17,265.7,15.6,2022,5.0,1.05,Austin Ekeler,RB,LAC,4.6,1.4,1.01,1.11,5312.0
25,Austin Hooper,LV,TE,0,0,2,2,17,56.4,3.3,2022,195.0,14.01,Austin Hooper,TE,TEN,157.3,26.9,4.12,18.06,92.0
29,Baker Mayfield,TB,QB,10,1,0,11,12,129.4,10.8,2022,222.0,14.08,Baker Mayfield,QB,CAR,163.9,35.2,1.01,18.02,77.0
68,Boston Scott,PHI,RB,0,3,0,3,15,41.2,2.7,2022,275.0,16.12,Boston Scott,RB,PHI,191.8,37.7,10.09,24.05,12.0
48,Brandin Cooks,DAL,WR,0,0,3,3,13,88.6,6.8,2022,60.0,5.08,Brandin Cooks,WR,HOU,56.2,5.2,2.12,7.03,4705.0
15,Brandon Aiyuk,SF,WR,0,0,8,8,17,149.8,8.8,2022,100.0,8.12,Brandon Aiyuk,WR,SF,96.0,7.7,4.09,10.11,2806.0
40,Breece Hall,NYJ,RB,0,4,1,5,7,96.1,13.7,2022,50.0,4.11,Breece Hall,RB,NYJ,46.9,6.6,1.03,6.09,6119.0
39,Brian Robinson Jr.,WAS,RB,0,2,1,3,12,103.7,8.6,2022,179.0,13.08,Brian Robinson Jr.,RB,WAS,152.4,17.1,7.05,16.11,833.0
31,Cam Akers,LAR,RB,0,7,0,7,15,128.3,8.6,2022,36.0,3.1,Cam Akers,RB,LAR,33.6,4.0,1.01,5.02,4298.0
65,Cameron Brate,FA,TE,0,0,0,0,9,17.4,1.9,2022,162.0,13.02,Cameron Brate,TE,TB,146.1,36.0,4.12,17.02,23.0
31,Carson Wentz,FA,QB,11,1,0,12,8,121.8,15.2,2022,209.0,14.05,Carson Wentz,QB,WAS,161.3,27.0,9.04,18.05,32.0
6,CeeDee Lamb,DAL,WR,0,0,9,9,17,194.6,11.4,2022,17.0,2.04,CeeDee Lamb,WR,DAL,16.2,2.6,1.01,3.01,4155.0
78,Chase Claypool,CHI,WR,0,0,1,1,15,59.0,3.9,2022,115.0,10.03,Chase Claypool,WR,PIT,111.2,8.3,4.06,13.02,960.0
57,Chase Edmonds,TB,RB,0,2,1,3,13,58.2,4.5,2022,81.0,7.06,Chase Edmonds,RB,MIA,77.8,6.9,1.08,9.04,4152.0
26,Chris Godwin,TB,WR,0,0,3,3,15,118.8,7.9,2022,58.0,5.07,Chris Godwin,WR,TB,55.5,6.1,2.09,7.05,4057.0
23,Chris Olave,NO,WR,0,0,4,4,15,126.2,8.4,2022,128.0,11.03,Chris Olave,WR,NO,123.4,10.1,5.05,13.12,2862.0
11,Christian Kirk,JAC,WR,0,0,8,8,17,157.9,9.3,2022,112.0,9.12,Christian Kirk,WR,JAX,108.3,7.3,6.05,12.06,2722.0
2,Christian McCaffrey,SF,RB,0,8,5,13,17,271.4,16.0,2022,2.0,1.02,Christian McCaffrey,RB,CAR,2.0,0.8,1.01,1.08,2903.0
25,Christian Watson,GB,WR,0,2,7,9,14,123.1,8.8,2022,150.0,12.06,Christian Watson,WR,GB,138.3,11.4,5.04,15.1,782.0
50,Chuba Hubbard,CAR,RB,0,2,0,2,14,73.7,5.3,2022,135.0,11.09,Chuba Hubbard,RB,CAR,129.3,11.4,5.02,14.03,1033.0
46,Clyde Edwards-Helaire,KC,RB,0,3,3,6,10,81.3,8.1,2022,57.0,5.06,Clyde Edwards-Helaire,RB,KC,54.0,5.3,2.08,8.07,2525.0
7,Cole Kmet,CHI,TE,0,0,7,7,17,97.3,5.7,2022,140.0,12.01,Cole Kmet,TE,CHI,132.8,15.2,6.03,15.12,2280.0
22,Cooper Kupp,LAR,WR,0,1,6,7,9,126.4,14.0,2022,4.0,1.05,Cooper Kupp,WR,LAR,4.5,1.7,1.01,2.05,3991.0
30,Cordarrelle Patterson,ATL,RB,0,8,0,8,13,133.7,10.3,2022,98.0,8.09,Cordarrelle Patterson,WR,ATL,93.3,8.8,3.08,10.1,2856.0
70,Corey Davis,NYJ,WR,0,0,2,2,13,65.6,5.0,2022,267.0,15.08,Corey Davis,WR,NYJ,175.5,23.8,13.02,19.05,10.0
45,Courtland Sutton,DEN,WR,0,0,2,2,15,95.4,6.4,2022,69.0,6.04,Courtland Sutton,WR,DEN,64.3,8.5,2.07,8.04,7685.0
23,D'Andre Swift,PHI,RB,0,5,3,8,14,143.1,10.2,2022,12.0,1.12,D'Andre Swift,RB,DET,11.7,2.1,1.02,2.09,3692.0
18,Dak Prescott,DAL,QB,23,1,0,24,12,213.6,17.8,2022,93.0,8.03,Dak Prescott,QB,DAL,87.4,9.3,2.08,11.01,2992.0
10,Dallas Goedert,PHI,TE,0,0,3,3,12,86.2,7.2,2022,83.0,7.08,Dallas Goedert,TE,PHI,80.1,8.9,4.05,11.07,2937.0
11,Dalton Schultz,HOU,TE,0,0,5,5,15,85.7,5.7,2022,71.0,6.06,Dalton Schultz,TE,DAL,66.2,7.6,2.03,9.04,4469.0
9,Dalvin Cook,FA,RB,0,8,2,10,17,198.8,11.7,2022,8.0,1.08,Dalvin Cook,RB,MIN,7.9,1.8,1.01,2.03,5884.0
29,Dameon Pierce,HOU,RB,0,4,1,5,13,136.4,10.5,2022,108.0,9.08,Dameon Pierce,RB,HOU,104.3,9.5,3.05,12.01,4112.0
49,Damien Harris,BUF,RB,0,3,0,3,11,73.9,6.7,2022,61.0,5.1,Damien Harris,RB,NE,58.1,5.8,2.11,7.08,1668.0
9,Daniel Jones,NYG,QB,15,7,0,22,16,293.9,18.4,2022,250.0,15.03,Daniel Jones,QB,NYG,170.6,20.4,11.03,18.06,59.0
74,Darnell Mooney,CHI,WR,0,0,2,2,11,61.5,5.6,2022,75.0,6.12,Darnell Mooney,WR,CHI,72.2,6.1,4.01,8.12,3131.0
24,Darren Waller,NYG,TE,0,0,3,3,9,56.8,6.3,2022,52.0,4.12,Darren Waller,TE,LV,47.7,5.8,1.07,6.1,4524.0
2,Davante Adams,LV,WR,0,0,14,14,17,235.5,13.9,2022,11.0,1.11,Davante Adams,WR,LV,11.4,2.2,1.01,2.09,4020.0
21,David Montgomery,DET,RB,0,5,1,6,16,143.7,9.0,2022,32.0,3.07,David Montgomery,RB,CHI,30.9,3.8,2.04,5.11,2561.0
13,David Njoku,CLE,TE,0,0,4,4,14,84.0,6.0,2022,207.0,14.04,David Njoku,TE,CLE,160.2,23.6,2.12,18.06,542.0
21,Davis Mills,HOU,QB,17,2,0,19,15,196.6,13.1,2022,233.0,14.1,Davis Mills,QB,HOU,165.8,20.2,10.04,18.05,31.0
9,Dawson Knox,BUF,TE,0,0,6,6,15,87.7,5.8,2022,92.0,8.03,Dawson Knox,TE,BUF,87.3,11.0,3.07,13.03,1731.0
49,DeAndre Hopkins,TEN,WR,0,0,3,3,9,87.7,9.7,2022,55.0,5.04,DeAndre Hopkins,WR,ARI,51.7,6.2,2.08,6.12,2841.0
58,DeVante Parker,NE,WR,0,0,3,3,13,71.9,5.5,2022,139.0,11.11,DeVante Parker,WR,NE,130.5,9.4,8.05,14.07,1420.0
10,DeVonta Smith,PHI,WR,0,0,7,7,17,159.6,9.4,2022,87.0,7.12,DeVonta Smith,WR,PHI,84.0,6.9,3.01,9.09,2470.0
34,Deebo Samuel,SF,WR,0,3,2,5,13,112.4,8.6,2022,19.0,2.06,Deebo Samuel,WR,SF,17.8,2.7,1.03,3.04,4174.0
17,Derek Carr,NO,QB,24,0,0,24,15,233.0,15.5,2022,105.0,9.07,Derek Carr,QB,LV,102.7,9.0,6.03,14.11,3586.0
3,Derrick Henry,TEN,RB,0,13,0,13,16,269.8,16.9,2022,3.0,1.04,Derrick Henry,RB,TEN,4.0,1.5,1.01,2.01,3867.0
35,Deshaun Watson,CLE,QB,7,1,0,8,6,90.5,15.1,2022,134.0,11.08,Deshaun Watson,QB,CLE,128.1,16.1,1.01,15.02,1132.0
25,Devin Singletary,HOU,RB,0,5,1,6,17,140.2,8.2,2022,78.0,7.02,Devin Singletary,RB,BUF,74.3,6.8,4.06,8.09,2013.0
46,Diontae Johnson,PIT,WR,0,0,0,0,17,94.7,5.6,2022,46.0,4.08,Diontae Johnson,WR,PIT,43.8,4.8,2.12,6.1,3126.0
59,Dontrell Hilliard,FA,RB,0,0,4,4,12,56.2,4.7,2022,223.0,14.08,Dontrell Hilliard,RB,TEN,163.9,19.3,12.02,17.11,16.0
38,Drake London,ATL,WR,0,0,4,4,17,106.6,6.3,2022,119.0,10.07,Drake London,WR,ATL,114.9,9.6,4.09,13.07,3118.0
69,Elijah Mitchell,SF,RB,0,2,0,2,5,40.6,8.1,2022,47.0,4.08,Elijah Mitchell,RB,SF,44.0,4.9,2.11,6.04,4449.0
88,Elijah Moore,CLE,WR,0,0,1,1,16,51.1,3.2,2022,94.0,8.04,Elijah Moore,WR,NYJ,88.1,7.6,2.06,10.06,3040.0
54,Eno Benjamin,NO,RB,0,2,0,2,13,64.6,5.0,2022,256.0,15.05,Eno Benjamin,RB,FA,172.5,25.0,8.03,18.01,69.0
6,Evan Engram,JAC,TE,0,0,4,4,17,103.9,6.1,2022,208.0,14.05,Evan Engram,TE,JAX,160.8,22.9,9.08,18.03,129.0
17,Ezekiel Elliott,FA,RB,0,12,0,12,15,168.8,11.3,2022,27.0,3.03,Ezekiel Elliott,RB,DAL,26.6,3.6,1.05,4.06,4394.0
21,Garrett Wilson,NYJ,WR,0,0,4,4,17,132.7,7.8,2022,201.0,14.02,Garrett Wilson,WR,NYJ,158.4,16.5,2.03,17.06,556.0
2,George Kittle,SF,TE,0,0,11,11,15,140.5,9.4,2022,43.0,4.06,George Kittle,TE,SF,41.5,5.0,1.12,6.06,3354.0
31,George Pickens,PIT,WR,0,1,4,5,17,114.5,6.7,2022,171.0,13.05,George Pickens,WR,PIT,149.4,23.7,1.01,18.01,1066.0
14,Gerald Everett,LAC,TE,0,0,4,4,15,81.5,5.4,2022,231.0,14.1,Gerald Everett,TE,LAC,165.6,21.3,8.02,18.06,195.0
28,Greg Dulcich,DEN,TE,0,0,2,2,10,53.1,5.3,2022,268.0,15.08,Greg Dulcich,TE,DEN,175.9,3.6,14.09,15.12,16.0
56,Gus Edwards,BAL,RB,0,3,0,3,9,59.3,6.6,2022,148.0,12.05,Gus Edwards,RB,BAL,137.0,11.0,7.1,15.05,762.0
26,Hayden Hurst,CAR,TE,0,0,2,2,14,55.9,4.0,2022,161.0,13.02,Hayden Hurst,TE,CIN,145.7,31.4,6.12,18.05,77.0
22,Hunter Henry,NE,TE,0,0,2,2,16,62.9,3.9,2022,141.0,12.01,Hunter Henry,TE,NE,133.2,16.6,5.01,15.1,1517.0
104,Hunter Renfrow,LV,WR,0,0,2,2,10,43.0,4.3,2022,70.0,6.06,Hunter Renfrow,WR,LV,66.2,6.2,3.11,8.04,2384.0
46,Irv Smith Jr.,CIN,TE,0,0,2,2,8,30.2,3.8,2022,175.0,13.07,Irv Smith Jr.,TE,MIN,150.6,18.4,5.03,16.04,1250.0
54,Isaiah McKenzie,IND,WR,0,1,4,5,16,77.8,4.9,2022,213.0,14.06,Isaiah McKenzie,WR,BUF,161.7,21.1,6.07,17.12,95.0
48,J.K. Dobbins,BAL,RB,0,2,1,3,8,74.2,9.3,2022,38.0,3.12,J.K. Dobbins,RB,BAL,35.6,4.3,1.03,5.05,3211.0
12,Ja'Marr Chase,CIN,WR,0,0,9,9,13,155.4,12.0,2022,9.0,1.09,Ja'Marr Chase,WR,CIN,8.6,1.9,1.01,2.06,5769.0
44,Jahan Dotson,WAS,WR,0,0,7,7,12,95.6,8.0,2022,237.0,14.11,Jahan Dotson,WR,WAS,166.7,18.2,10.04,18.06,249.0
33,Jakobi Meyers,LV,WR,0,0,6,6,14,113.3,8.1,2022,197.0,14.02,Jakobi Meyers,WR,NE,157.8,15.8,8.05,16.08,648.0
3,Jalen Hurts,PHI,QB,22,13,0,35,15,384.1,25.6,2022,67.0,6.04,Jalen Hurts,QB,PHI,63.8,6.3,2.12,9.06,3237.0
7,Jamaal Williams,NO,RB,0,17,0,17,17,213.9,12.6,2022,142.0,12.02,Jamaal Williams,RB,DET,133.8,9.4,8.12,15.06,1420.0
19,James Conner,ARI,RB,0,7,1,8,13,154.2,11.9,2022,33.0,3.07,James Conner,RB,ARI,31.1,3.8,1.12,4.09,5709.0
44,James Cook,BUF,RB,0,2,1,3,17,86.5,5.1,2022,97.0,8.09,James Cook,RB,BUF,92.9,7.6,4.05,10.11,3265.0
47,James Robinson,NYG,RB,0,3,2,5,11,77.6,7.1,2022,86.0,7.11,James Robinson,RB,JAX,82.6,7.0,3.1,9.1,1453.0
10,Jared Goff,DET,QB,29,0,0,29,17,290.3,17.1,2022,251.0,15.03,Jared Goff,QB,DET,170.8,24.1,12.06,18.02,20.0
111,Jarvis Landry,FA,WR,0,0,1,1,9,35.2,3.9,2022,143.0,12.02,Jarvis Landry,WR,NO,134.2,11.9,3.02,16.01,877.0
7,Jaylen Waddle,MIA,WR,0,0,8,8,17,184.2,10.8,2022,49.0,4.11,Jaylen Waddle,WR,MIA,46.8,5.6,2.09,6.06,4712.0
24,Jerick McKinnon,KC,RB,0,1,9,10,17,140.3,8.3,2022,202.0,14.03,Jerick McKinnon,RB,KC,159.2,21.3,5.02,17.12,226.0
18,Jerry Jeudy,DEN,WR,0,0,6,6,15,137.2,9.1,2022,68.0,6.04,Jerry Jeudy,WR,DEN,64.1,6.3,3.02,7.11,5071.0
4,Joe Burrow,CIN,QB,36,5,0,41,17,369.0,21.7,2022,56.0,5.04,Joe Burrow,QB,CIN,51.8,7.4,1.07,8.01,1880.0
13,Joe Mixon,CIN,RB,0,7,2,9,15,180.7,12.0,2022,10.0,1.1,Joe Mixon,RB,CIN,10.1,2.0,1.01,2.07,4630.0
36,Jonathan Taylor,IND,RB,0,4,0,4,12,118.4,9.9,2022,1.0,1.01,Jonathan Taylor,RB,IND,1.2,0.5,1.01,1.05,4750.0
2,Josh Allen,BUF,QB,35,7,0,42,17,412.4,24.3,2022,23.0,2.1,Josh Allen,QB,BUF,22.3,5.9,1.01,4.05,2826.0
1,Josh Jacobs,LV,RB,0,12,0,12,17,275.3,16.2,2022,48.0,4.09,Josh Jacobs,RB,LV,45.4,5.4,1.12,7.02,3344.0
37,JuJu Smith-Schuster,NE,WR,0,0,3,3,16,107.3,6.7,2022,90.0,8.03,JuJu Smith-Schuster,WR,KC,86.9,9.3,2.05,10.11,5912.0
94,Julio Jones,FA,WR,0,0,2,2,10,46.4,4.6,2022,151.0,12.06,Julio Jones,WR,TB,138.3,15.6,3.06,15.11,2175.0
6,Justin Fields,CHI,QB,17,8,0,25,15,307.0,20.5,2022,166.0,13.04,Justin Fields,QB,CHI,147.8,16.3,4.07,16.03,1136.0
11,Justin Herbert,LAC,QB,25,0,0,25,17,289.3,17.0,2022,35.0,3.09,Justin Herbert,QB,LAC,32.7,5.1,1.02,5.08,2716.0
1,Justin Jefferson,MIN,WR,0,1,8,9,17,240.6,14.2,2022,6.0,1.05,Justin Jefferson,WR,MIN,5.1,1.6,1.01,1.11,5284.0
43,K.J. Osborn,MIN,WR,0,0,5,5,17,95.6,5.6,2022,228.0,14.09,K.J. Osborn,WR,MIN,165.1,19.4,10.05,18.05,76.0
105,Kadarius Toney,KC,WR,0,1,2,3,9,41.3,4.6,2022,117.0,10.04,Kadarius Toney,WR,NYG,111.7,8.3,6.01,13.06,3230.0
41,Kareem Hunt,FA,RB,0,3,1,4,17,91.8,5.4,2022,74.0,6.1,Kareem Hunt,RB,CLE,69.7,6.2,3.09,8.09,3554.0
40,Keenan Allen,LAC,WR,0,0,4,4,10,98.0,9.8,2022,28.0,3.03,Keenan Allen,WR,LAC,27.3,3.3,2.01,4.03,5049.0
53,Kenneth Gainwell,PHI,RB,0,4,0,4,17,64.9,3.8,2022,131.0,11.06,Kenneth Gainwell,RB,PHI,125.7,10.0,6.05,13.12,2103.0
15,Kenneth Walker III,SEA,RB,0,9,0,9,15,175.5,11.7,2022,88.0,7.12,Kenneth Walker III,RB,SEA,84.4,8.1,3.01,10.05,3432.0
43,Kenyan Drake,FA,RB,0,4,1,5,12,87.1,7.3,2022,191.0,13.12,Kenyan Drake,RB,LV,156.5,15.9,8.01,16.04,794.0
7,Kirk Cousins,MIN,QB,29,2,0,31,17,305.6,18.0,2022,123.0,10.1,Kirk Cousins,QB,MIN,118.4,11.7,1.01,13.12,3278.0
33,Kyle Pitts,ATL,TE,0,0,2,2,10,47.6,4.8,2022,37.0,3.11,Kyle Pitts,TE,ATL,35.5,4.8,1.05,6.01,5178.0
19,Kyler Murray,ARI,QB,14,3,0,17,11,207.6,18.9,2022,63.0,5.12,Kyler Murray,QB,ARI,60.0,6.3,1.01,8.02,2242.0
14,Lamar Jackson,BAL,QB,17,3,0,20,12,243.1,20.3,2022,53.0,5.02,Lamar Jackson,QB,BAL,49.6,6.7,1.01,7.08,3193.0
20,Leonard Fournette,FA,RB,0,3,3,6,16,154.1,9.6,2022,24.0,2.12,Leonard Fournette,RB,TB,23.8,3.7,1.01,3.12,5180.0
39,Logan Thomas,WAS,TE,0,0,1,1,13,38.3,2.9,2022,226.0,14.09,Logan Thomas,TE,WAS,164.7,19.8,7.11,18.06,377.0
23,Mac Jones,NE,QB,14,1,0,15,14,181.1,12.9,2022,214.0,14.06,Mac Jones,QB,NE,162.3,20.6,3.01,18.01,355.0
20,Marcus Mariota,PHI,QB,15,4,0,19,13,205.7,15.8,2022,271.0,15.1,Marcus Mariota,QB,ATL,177.5,40.4,2.09,20.12,25.0
5,Mark Andrews,BAL,TE,0,0,5,5,15,117.5,7.8,2022,26.0,3.01,Mark Andrews,TE,BAL,25.1,3.9,1.09,5.03,4761.0
78,Marlon Mack,FA,RB,0,1,1,2,8,30.3,3.8,2022,126.0,10.12,Marlon Mack,RB,HOU,120.2,9.8,7.08,14.01,1164.0
52,Marquez Valdes-Scantling,KC,WR,0,0,2,2,17,80.4,4.7,2022,154.0,12.08,Marquez Valdes-Scantling,WR,KC,140.0,12.5,5.11,15.1,1068.0
47,Marquise Brown,ARI,WR,0,0,3,3,12,89.0,7.4,2022,77.0,7.01,Marquise Brown,WR,ARI,73.3,6.3,3.08,8.1,3277.0
70,Matt Breida,NYG,RB,0,1,0,1,17,39.8,2.3,2022,249.0,15.02,Matt Breida,RB,NYG,170.5,24.4,10.02,18.08,71.0
26,Matt Ryan,FA,QB,14,1,0,15,12,168.3,14.0,2022,155.0,12.08,Matt Ryan,QB,IND,140.2,16.0,2.09,15.12,1801.0
32,Matthew Stafford,LAR,QB,10,1,0,11,9,116.5,12.9,2022,85.0,7.09,Matthew Stafford,QB,LAR,81.4,9.3,1.07,10.07,1945.0
45,Michael Carter,NYJ,RB,0,3,0,3,16,85.0,5.3,2022,104.0,9.07,Michael Carter,RB,NYJ,102.6,7.4,2.05,11.06,1389.0
67,Michael Gallup,DAL,WR,0,0,4,4,14,66.4,4.7,2022,125.0,10.12,Michael Gallup,WR,DAL,120.1,9.5,2.06,13.06,1440.0
27,Michael Pittman Jr.,IND,WR,0,0,4,4,16,117.5,7.3,2022,31.0,3.05,Michael Pittman Jr.,WR,IND,29.2,3.1,1.06,4.05,4807.0
112,Michael Thomas,NO,WR,0,0,3,3,3,35.1,11.7,2022,54.0,5.04,Michael Thomas,WR,NO,51.6,6.0,2.08,6.12,5802.0
16,Mike Evans,TB,WR,0,0,6,6,15,148.4,9.9,2022,25.0,2.12,Mike Evans,WR,TB,24.5,3.1,1.02,3.12,4382.0
20,Mike Gesicki,NE,TE,0,0,5,5,17,66.2,3.9,2022,127.0,11.02,Mike Gesicki,TE,MIA,121.9,14.2,5.03,15.11,1920.0
32,Mike Williams,LAC,WR,0,0,4,4,13,113.5,8.7,2022,51.0,4.12,Mike Williams,WR,LAC,47.6,6.1,2.12,6.08,6157.0
10,Miles Sanders,CAR,RB,0,11,0,11,17,196.7,11.6,2022,64.0,6.01,Miles Sanders,RB,PHI,61.1,5.6,3.07,7.11,2747.0
37,Mitch Trubisky,PIT,QB,4,2,0,6,7,79.0,11.3,2022,159.0,13.02,Mitch Trubisky,QB,PIT,145.6,63.8,1.01,18.06,13.0
41,Mo Alie-Cox,IND,TE,0,0,3,3,14,34.9,2.5,2022,167.0,13.04,Mo Alie-Cox,TE,IND,148.5,41.3,6.08,18.02,13.0
12,Najee Harris,PIT,RB,0,7,3,10,17,182.5,10.7,2022,7.0,1.07,Najee Harris,RB,PIT,6.9,2.0,1.01,2.03,5467.0
100,Nelson Agholor,BAL,WR,0,0,2,2,15,44.2,2.9,2022,113.0,10.01,Nelson Agholor,WR,NE,109.3,31.5,3.01,13.01,10.0
5,Nick Chubb,CLE,RB,0,12,1,13,17,254.4,15.0,2022,14.0,2.03,Nick Chubb,RB,CLE,14.6,2.8,1.01,3.01,3969.0
76,Nico Collins,HOU,WR,0,0,2,2,10,60.1,6.0,2022,230.0,14.1,Nico Collins,WR,HOU,165.6,22.1,8.04,18.06,131.0
18,Noah Fant,SEA,TE,0,0,4,4,17,72.6,4.3,2022,219.0,14.07,Noah Fant,TE,SEA,163.3,25.0,4.11,18.06,263.0
62,Nyheim Hines,BUF,RB,0,1,1,2,16,51.4,3.2,2022,106.0,9.07,Nyheim Hines,RB,IND,103.2,7.4,5.12,11.07,2025.0
50,Parris Campbell,NYG,WR,0,0,3,3,17,86.1,5.1,2022,210.0,14.05,Parris Campbell,WR,IND,161.4,16.2,11.03,15.12,14.0
12,Pat Freiermuth,PIT,TE,0,0,2,2,15,85.2,5.7,2022,121.0,10.09,Pat Freiermuth,TE,PIT,116.6,14.3,3.01,14.08,2506.0
42,Rachaad White,TB,RB,0,1,2,3,17,89.1,5.2,2022,138.0,11.11,Rachaad White,RB,TB,130.5,9.4,8.07,14.04,1430.0
27,Raheem Mostert,MIA,RB,0,3,2,5,16,137.3,8.6,2022,118.0,10.04,Raheem Mostert,RB,MIA,112.4,8.6,6.04,13.06,1601.0
91,Randall Cobb,NYJ,WR,0,0,1,1,13,47.7,3.7,2022,192.0,14.01,Randall Cobb,WR,GB,156.8,45.9,3.07,19.04,15.0
65,Rashaad Penny,PHI,RB,0,2,0,2,5,48.2,9.6,2022,72.0,6.08,Rashaad Penny,RB,SEA,67.7,6.4,2.1,8.12,3452.0
109,Rashod Bateman,BAL,WR,0,0,2,2,6,38.5,6.4,2022,95.0,8.05,Rashod Bateman,WR,BAL,89.3,7.9,4.07,10.11,4638.0
73,Rex Burkhead,FA,RB,0,0,1,1,15,34.4,2.3,2022,272.0,15.1,Rex Burkhead,RB,HOU,177.8,20.8,11.09,18.01,29.0
14,Rhamondre Stevenson,NE,RB,0,5,1,6,17,180.1,10.6,2022,91.0,8.03,Rhamondre Stevenson,RB,NE,87.0,7.8,3.02,10.12,4633.0
73,Robert Woods,HOU,WR,0,0,2,2,17,62.7,3.7,2022,103.0,9.04,Robert Woods,WR,TEN,99.7,7.2,4.11,11.01,2297.0
77,Romeo Doubs,GB,WR,0,0,3,3,13,59.6,4.6,2022,176.0,13.07,Romeo Doubs,WR,GB,150.8,18.6,7.12,18.06,1383.0
93,Rondale Moore,ARI,WR,0,0,1,1,8,46.9,5.9,2022,189.0,13.12,Rondale Moore,WR,ARI,155.5,16.3,9.03,16.08,1112.0
56,Russell Gage,TB,WR,0,0,5,5,13,72.6,5.6,2022,114.0,10.03,Russell Gage,WR,TB,110.9,7.9,3.01,12.05,999.0
16,Russell Wilson,DEN,QB,16,3,0,19,15,236.0,15.7,2022,82.0,7.08,Russell Wilson,QB,DEN,79.7,8.8,2.11,10.05,4243.0
27,Ryan Tannehill,TEN,QB,13,2,0,15,12,167.2,13.9,2022,247.0,15.02,Ryan Tannehill,QB,TEN,169.6,22.1,10.01,18.06,91.0
38,Samaje Perine,DEN,RB,0,2,4,6,16,104.1,6.5,2022,242.0,14.12,Samaje Perine,RB,CIN,168.3,19.7,9.09,18.05,145.0
117,Sammy Watkins,FA,WR,0,0,0,0,9,30.5,3.4,2022,269.0,15.08,Sammy Watkins,WR,GB,176.3,25.3,7.07,18.06,147.0
6,Saquon Barkley,NYG,RB,0,10,0,10,16,227.0,14.2,2022,20.0,2.07,Saquon Barkley,RB,NYG,18.7,3.4,1.02,3.07,6383.0
131,Skyy Moore,KC,WR,0,0,0,0,16,21.4,1.3,2022,133.0,11.08,Skyy Moore,WR,KC,128.0,10.9,1.03,13.09,3022.0
5,Stefon Diggs,BUF,WR,0,0,11,11,17,211.2,12.4,2022,13.0,2.01,Stefon Diggs,WR,BUF,13.3,2.3,1.01,2.1,5034.0
4,T.J. Hockenson,MIN,TE,0,0,6,6,17,129.4,7.6,2022,66.0,6.03,T.J. Hockenson,TE,DET,63.3,6.7,3.1,8.11,1996.0
17,Tee Higgins,CIN,WR,0,0,7,7,15,148.2,9.9,2022,34.0,3.08,Tee Higgins,WR,CIN,31.9,3.5,1.09,4.09,3797.0
14,Terry McLaurin,WAS,WR,0,0,5,5,17,152.0,8.9,2022,39.0,4.01,Terry McLaurin,WR,WAS,36.9,3.8,1.07,5.03,4349.0
12,Tom Brady,FA,QB,25,1,0,26,17,280.5,16.5,2022,96.0,8.07,Tom Brady,QB,TB,91.0,10.8,1.01,11.04,4547.0
8,Tony Pollard,DAL,RB,0,9,3,12,16,209.8,13.1,2022,73.0,6.09,Tony Pollard,RB,DAL,69.4,6.4,1.04,8.07,2809.0
1,Travis Kelce,KC,TE,0,0,12,12,17,206.3,12.1,2022,15.0,2.03,Travis Kelce,TE,KC,15.0,3.1,1.01,3.02,4310.0
8,Trevor Lawrence,JAC,QB,25,5,0,30,17,303.7,17.9,2022,184.0,13.1,Trevor Lawrence,QB,JAX,154.3,17.2,6.11,16.07,1291.0
81,Treylon Burks,TEN,WR,0,0,1,1,11,55.1,5.0,2022,132.0,11.06,Treylon Burks,WR,TEN,126.0,10.7,6.01,13.11,1618.0
15,Tua Tagovailoa,MIA,QB,25,0,0,25,13,239.0,18.4,2022,137.0,11.1,Tua Tagovailoa,QB,MIA,130.1,12.5,1.01,15.1,1380.0
22,Tyler Allgeier,ATL,RB,0,3,1,4,16,143.4,9.0,2022,124.0,10.11,Tyler Allgeier,RB,ATL,119.2,9.1,6.05,13.06,2274.0
28,Tyler Boyd,CIN,WR,0,0,6,6,17,116.5,6.9,2022,144.0,12.02,Tyler Boyd,WR,CIN,134.3,12.6,6.12,15.06,1105.0
15,Tyler Higbee,LAR,TE,0,0,3,3,16,80.0,5.0,2022,193.0,14.01,Tyler Higbee,TE,LAR,156.8,28.6,6.11,19.04,132.0
13,Tyler Lockett,SEA,WR,0,0,9,9,16,153.3,9.6,2022,111.0,9.11,Tyler Lockett,WR,SEA,107.5,7.2,6.02,11.1,1673.0
3,Tyreek Hill,MIA,WR,0,1,7,8,17,222.2,13.1,2022,22.0,2.1,Tyreek Hill,WR,MIA,22.2,3.0,1.02,3.11,4627.0
83,Van Jefferson,LAR,WR,0,0,3,3,10,54.9,5.5,2022,270.0,15.09,Van Jefferson,WR,LAR,176.9,28.4,7.09,18.08,50.0
118,Wan'Dale Robinson,NYG,WR,0,0,1,1,6,28.6,4.8,2022,258.0,15.05,Wan'Dale Robinson,WR,NYG,172.9,27.0,7.01,18.05,68.0
19,Zach Ertz,ARI,TE,0,0,4,4,10,68.6,6.9,2022,101.0,9.01,Zach Ertz,TE,ARI,96.6,10.4,5.01,12.08,3486.0
34,Zach Wilson,NYJ,QB,6,1,0,7,9,105.0,11.7,2022,225.0,14.08,Zach Wilson,QB,NYJ,164.4,32.3,1.01,18.06,111.0
